time,open,high,low,close,tick_volume,spread,real_volume,ticker
2017-07-31,65518.0,66048.0,65518.0,65920.0,509890,0,5054907486,IBOV
2017-08-01,65955.0,66606.0,65955.0,66516.0,643906,0,5648385885,IBOV
2017-08-02,66504.0,67277.0,66305.0,67136.0,723561,0,7571898774,IBOV
2017-08-03,67136.0,67256.0,66705.0,66777.0,643727,0,5491812872,IBOV
2017-08-04,66802.0,67104.0,66525.0,66898.0,528732,0,4744754877,IBOV
2017-08-07,66898.0,68043.0,66887.0,67940.0,659065,0,5943598519,IBOV
2017-08-08,67922.0,68500.0,67671.0,67899.0,653667,0,6352057617,IBOV
2017-08-09,67894.0,67894.0,67290.0,67671.0,531000,0,4848108874,IBOV
2017-08-10,67671.0,67671.0,66650.0,66992.0,540236,0,5778823509,IBOV
2017-08-11,66992.0,67623.0,66678.0,67359.0,657608,0,5701197075,IBOV
2017-08-14,67369.0,68642.0,67226.0,68285.0,68745839,0,634098843360,IBOV
2017-08-15,68293.0,68846.0,68293.0,68355.0,638156,0,5519070669,IBOV
2017-08-16,68356.0,68950.0,68304.0,68594.0,710199,0,8067353701,IBOV
2017-08-17,68596.0,68596.0,67866.0,67977.0,536139,0,5305498957,IBOV
2017-08-18,68016.0,68808.0,67979.0,68715.0,654838,0,6783046727,IBOV
2017-08-21,68733.0,69068.0,68514.0,68635.0,552103,0,5190087385,IBOV
2017-08-22,68688.0,70278.0,68681.0,70011.0,785697,0,7884317868,IBOV
2017-08-23,70011.0,70587.0,69947.0,70478.0,1863754,0,18447844371,IBOV
2017-08-24,70490.0,71238.0,70490.0,71133.0,642000,0,6282269209,IBOV
2017-08-25,71138.0,71506.0,70801.0,71074.0,537387,0,4721179943,IBOV
2017-08-28,71074.0,71390.0,70909.0,71017.0,435357,0,4466282648,IBOV
2017-08-29,70962.0,71330.0,70517.0,71330.0,504657,0,4666228882,IBOV
2017-08-30,71322.0,71454.0,70755.0,70886.0,555399,0,5127672880,IBOV
2017-08-31,70898.0,71234.0,70516.0,70835.0,679770,0,8834823181,IBOV
2017-09-01,70848.0,72217.0,70846.0,71923.0,715506,0,7507967148,IBOV
2017-09-04,71921.0,72141.0,71671.0,72129.0,438755,0,3836222651,IBOV
2017-09-05,72134.0,73180.0,71827.0,72151.0,921016,0,8255091891,IBOV
2017-09-06,72157.0,73608.0,72157.0,73412.0,973823,0,8635630680,IBOV
2017-09-08,73396.0,73646.0,72925.0,73079.0,1367152,0,12736908903,IBOV
2017-09-11,73096.0,74636.0,73096.0,74319.0,677463,0,7014344358,IBOV
2017-09-12,74312.0,75332.0,74294.0,74539.0,1333686,0,14823972348,IBOV
2017-09-13,74543.0,75146.0,74196.0,74788.0,671188,0,6980003511,IBOV
2017-09-14,74787.0,74949.0,74397.0,74657.0,621420,0,6858820400,IBOV
2017-09-15,74655.0,75820.0,74648.0,75757.0,795936,0,11286790832,IBOV
2017-09-18,75758.0,76404.0,75621.0,75990.0,655006,0,6967063731,IBOV
2017-09-19,75988.0,76071.0,75300.0,75974.0,653682,0,6040290224,IBOV
2017-09-20,75971.0,76420.0,75074.0,76004.0,778671,0,8157777622,IBOV
2017-09-21,76014.0,76251.0,75282.0,75604.0,716293,0,7099490774,IBOV
2017-09-22,75618.0,75734.0,75029.0,75390.0,581626,0,5965857471,IBOV
2017-09-25,75381.0,75470.0,74303.0,74443.0,650352,0,6408800317,IBOV
2017-09-26,74443.0,74971.0,74319.0,74319.0,591721,0,7352456515,IBOV
2017-09-27,74358.0,74744.0,73125.0,73797.0,1360498,0,14570990376,IBOV
2017-09-28,73808.0,74011.0,73277.0,73567.0,733612,0,6276597152,IBOV
2017-09-29,73627.0,74518.0,73627.0,74294.0,630716,0,6446118616,IBOV
2017-10-02,74295.0,74506.0,73845.0,74360.0,578201,0,5305248713,IBOV
2017-10-03,74363.0,76763.0,74363.0,76763.0,778074,0,8322578678,IBOV
2017-10-04,76763.0,77004.0,76422.0,76591.0,607625,0,6463872451,IBOV
2017-10-05,76638.0,78024.0,76618.0,76618.0,824046,0,8659993762,IBOV
2017-10-06,76618.0,76618.0,75603.0,76055.0,591957,0,5805631719,IBOV
2017-10-09,76055.0,76067.0,75181.0,75727.0,478038,0,4784447871,IBOV
2017-10-10,75745.0,76996.0,75745.0,76897.0,647857,0,7422943430,IBOV
2017-10-11,76910.0,76985.0,76323.0,76660.0,727666,0,7981901381,IBOV
2017-10-13,76659.0,77319.0,76659.0,76990.0,754459,0,7527349969,IBOV
2017-10-16,76985.0,77382.0,76565.0,76892.0,719954,0,7030136387,IBOV
2017-10-17,76892.0,76892.0,76046.0,76201.0,701719,0,6337331219,IBOV
2017-10-18,76211.0,76730.0,76012.0,76591.0,870259,0,6957400654,IBOV
2017-10-19,76591.0,76591.0,75366.0,76283.0,576423,0,5276058119,IBOV
2017-10-20,76291.0,76971.0,76291.0,76391.0,508516,0,5852840017,IBOV
2017-10-23,76398.0,76498.0,75315.0,75413.0,590157,0,5615598061,IBOV
2017-10-24,75458.0,76420.0,75458.0,76350.0,580230,0,6585558752,IBOV
2017-10-25,76350.0,76883.0,75404.0,76671.0,607193,0,6410060037,IBOV
2017-10-26,76708.0,77061.0,75813.0,75896.0,617290,0,6438968349,IBOV
2017-10-27,75898.0,76617.0,75601.0,75976.0,689225,0,6950637544,IBOV
2017-10-30,75973.0,75973.0,74305.0,74800.0,896497,0,8082815594,IBOV
2017-10-31,74841.0,75142.0,74145.0,74308.0,825592,0,7452261600,IBOV
2017-11-01,74321.0,75199.0,73823.0,73824.0,874079,0,7750859696,IBOV
2017-11-03,73834.0,74254.0,73094.0,73915.0,1075920,0,9178455557,IBOV
2017-11-06,73911.0,74445.0,73830.0,74311.0,767041,0,7103700570,IBOV
2017-11-07,74228.0,74228.0,72386.0,72415.0,1083045,0,10266742846,IBOV
2017-11-08,72468.0,74481.0,72468.0,74363.0,798164,0,7142712136,IBOV
2017-11-09,74362.0,74362.0,72795.0,72933.0,767308,0,7032778045,IBOV
2017-11-10,72932.0,73019.0,71920.0,72166.0,711175,0,6666065062,IBOV
2017-11-13,72170.0,72735.0,71776.0,72475.0,664075,0,5977505114,IBOV
2017-11-14,72492.0,72838.0,70825.0,70827.0,1266630,0,51654408111,IBOV
2017-11-16,70835.0,72896.0,70835.0,72512.0,807077,0,6940710676,IBOV
2017-11-17,72503.0,73632.0,72390.0,73437.0,643702,0,5698658281,IBOV
2017-11-21,73439.0,75073.0,73439.0,74595.0,751863,0,7551945248,IBOV
2017-11-22,74611.0,75019.0,74242.0,74519.0,69522434,0,711569871052,IBOV
2017-11-23,74519.0,74578.0,73851.0,74487.0,731515,0,6037345174,IBOV
2017-11-24,74503.0,74542.0,74093.0,74157.0,427643,0,5416056186,IBOV
2017-11-27,74011.0,74142.0,73159.0,74059.0,616496,0,5675601006,IBOV
2017-11-28,74151.0,74989.0,74056.0,74140.0,704029,0,6622631899,IBOV
2017-11-29,74146.0,74515.0,72700.0,72700.0,867479,0,7593412705,IBOV
2017-11-30,72700.0,72700.0,71215.0,71783.0,1165897,0,11129559841,IBOV
2017-12-01,71955.0,72472.0,71488.0,72264.0,1381901,0,11640577688,IBOV
2017-12-04,72266.0,73749.0,72266.0,73090.0,692883,0,6333331558,IBOV
2017-12-05,73090.0,74166.0,72319.0,72546.0,641667,0,6192820928,IBOV
2017-12-06,72481.0,73418.0,71906.0,73268.0,701242,0,6564198867,IBOV
2017-12-07,73258.0,73258.0,71356.0,72487.0,773657,0,7064377740,IBOV
2017-12-08,72489.0,73425.0,72489.0,72732.0,585235,0,6390129195,IBOV
2017-12-11,72839.0,73361.0,72498.0,72800.0,540166,0,5173197679,IBOV
2017-12-12,72800.0,73814.0,71798.0,73814.0,638428,0,6192436617,IBOV
2017-12-13,73827.0,74622.0,72569.0,72914.0,1043205,0,10077143543,IBOV
2017-12-14,72761.0,72761.0,71969.0,72429.0,671186,0,7453873996,IBOV
2017-12-15,72428.0,73069.0,72277.0,72608.0,738565,0,9855119459,IBOV
2017-12-18,72665.0,73519.0,72665.0,73115.0,608679,0,7081983153,IBOV
2017-12-19,73122.0,73139.0,72347.0,72680.0,577496,0,4923358381,IBOV
2017-12-20,72680.0,73492.0,72680.0,73367.0,598133,0,4526664388,IBOV
2017-12-21,73373.0,75133.0,73265.0,75133.0,627592,0,6639290301,IBOV
2017-12-22,75128.0,75227.0,74623.0,75187.0,439888,0,4074293610,IBOV
2017-12-26,75187.0,75837.0,74924.0,75708.0,359260,0,3433859729,IBOV
2017-12-27,75708.0,76293.0,75708.0,76073.0,428258,0,3764330406,IBOV
2017-12-28,76077.0,76437.0,76077.0,76402.0,475561,0,4882189544,IBOV
2018-01-02,76403.0,77909.0,76403.0,77891.0,1419488,0,11740510372,IBOV
2018-01-03,77889.0,78414.0,77602.0,77995.0,681018,0,6797208555,IBOV
2018-01-04,77998.0,79135.0,77998.0,78647.0,824121,0,7584589858,IBOV
2018-01-05,78644.0,79071.0,78218.0,79071.0,643695,0,6183339952,IBOV
2018-01-08,79074.0,79395.0,78631.0,79379.0,653303,0,5817393013,IBOV
2018-01-09,79343.0,79415.0,78699.0,78864.0,708059,0,7440459369,IBOV
2018-01-10,78863.0,78863.0,78164.0,78201.0,606810,0,5873180886,IBOV
2018-01-11,78201.0,79365.0,78201.0,79365.0,631390,0,6896070568,IBOV
2018-01-12,79365.0,79440.0,78861.0,79349.0,744723,0,7224580864,IBOV
2018-01-15,79349.0,79847.0,79349.0,79752.0,396259,0,4085789638,IBOV
2018-01-16,79751.0,80246.0,79668.0,79832.0,638069,0,6835676457,IBOV
2018-01-17,79832.0,81189.0,79828.0,81189.0,760018,0,7387459519,IBOV
2018-01-18,81185.0,81367.0,80498.0,80963.0,757504,0,7623195238,IBOV
2018-01-19,80965.0,81429.0,80854.0,81220.0,580722,0,6881250978,IBOV
2018-01-22,81216.0,81675.0,80923.0,81675.0,600027,0,6329991710,IBOV
2018-01-23,81676.0,81676.0,80524.0,80679.0,754127,0,9372973250,IBOV
2018-01-24,80679.0,83680.0,80679.0,83680.0,1102395,0,13070092876,IBOV
2018-01-26,83687.0,85531.0,83687.0,85531.0,1284957,0,13468593941,IBOV
2018-01-29,85531.0,85531.0,84341.0,84698.0,760610,0,9494384475,IBOV
2018-01-30,84697.0,84697.0,83804.0,84482.0,667544,0,8488940132,IBOV
2018-01-31,84485.0,86213.0,84484.0,84913.0,869284,0,10203825500,IBOV
2018-02-01,84913.0,86028.0,84833.0,85495.0,897604,0,10466390991,IBOV
2018-02-02,85495.0,85495.0,83831.0,84041.0,757332,0,8388630960,IBOV
2018-02-05,84040.0,84311.0,81861.0,81861.0,653569,0,7969121794,IBOV
2018-02-06,81799.0,84162.0,80804.0,83894.0,1215728,0,14641882047,IBOV
2018-02-07,83894.0,84410.0,82548.0,82767.0,877383,0,9686749329,IBOV
2018-02-08,82773.0,83501.0,81109.0,81533.0,835742,0,9506725052,IBOV
2018-02-09,81532.0,81897.0,79690.0,80899.0,1056686,0,10286449714,IBOV
2018-02-14,80901.0,83782.0,80901.0,83543.0,906571,0,9689842575,IBOV
2018-02-15,83575.0,84686.0,83575.0,84291.0,763151,0,8984772436,IBOV
2018-02-16,84291.0,84575.0,83824.0,84525.0,688753,0,8871487284,IBOV
2018-02-19,84545.0,84956.0,84544.0,84793.0,451864,0,4988258948,IBOV
2018-02-20,84776.0,86290.0,84261.0,85804.0,841646,0,10157584957,IBOV
2018-02-21,85804.0,87358.0,85804.0,86052.0,1966378,0,24731470306,IBOV
2018-02-22,86050.0,87159.0,86050.0,86686.0,770955,0,9148363440,IBOV
2018-02-23,86719.0,87345.0,86138.0,87293.0,807043,0,10940353797,IBOV
2018-02-26,87296.0,88318.0,87242.0,87653.0,1001801,0,9983450755,IBOV
2018-02-27,87649.0,87839.0,86613.0,86935.0,786309,0,8179399663,IBOV
2018-02-28,86939.0,87109.0,85199.0,85354.0,898045,0,15170430403,IBOV
2018-03-01,85337.0,86260.0,84640.0,85378.0,939171,0,10045735715,IBOV
2018-03-02,85378.0,85761.0,83897.0,85761.0,833345,0,8592521450,IBOV
2018-03-05,85768.0,86165.0,85053.0,86023.0,760183,0,8211988006,IBOV
2018-03-06,86023.0,86931.0,85653.0,85653.0,862067,0,8850284721,IBOV
2018-03-07,85653.0,85653.0,84397.0,85484.0,803064,0,8676502008,IBOV
2018-03-08,85510.0,85830.0,84491.0,84985.0,722397,0,8823035040,IBOV
2018-03-09,84989.0,86389.0,84749.0,86371.0,809103,0,8590220425,IBOV
2018-03-12,86386.0,87046.0,86386.0,86900.0,621108,0,6833159856,IBOV
2018-03-13,86938.0,87333.0,86119.0,86384.0,676893,0,7091870995,IBOV
2018-03-14,86383.0,86970.0,85691.0,86051.0,567869,0,6914368387,IBOV
2018-03-15,86030.0,86030.0,84720.0,84928.0,777107,0,9587128228,IBOV
2018-03-16,84928.0,85495.0,84525.0,84886.0,765064,0,14962645324,IBOV
2018-03-19,84886.0,84886.0,83678.0,83913.0,867036,0,8658205784,IBOV
2018-03-20,83968.0,84412.0,83682.0,84164.0,608889,0,6449440457,IBOV
2018-03-21,84161.0,85145.0,84080.0,84977.0,772808,0,8799572174,IBOV
2018-03-22,84984.0,85499.0,84197.0,84768.0,768366,0,8332551662,IBOV
2018-03-23,84551.0,85450.0,84042.0,84377.0,752213,0,8194000414,IBOV
2018-03-26,84377.0,85553.0,84357.0,85088.0,1461833,0,14870952118,IBOV
2018-03-27,85103.0,85296.0,83542.0,83808.0,646015,0,7514647928,IBOV
2018-03-28,83806.0,83889.0,82889.0,83874.0,746282,0,7148827562,IBOV
2018-03-29,83874.0,85708.0,83874.0,85366.0,746932,0,8395999590,IBOV
2018-04-02,85365.0,85675.0,84166.0,84666.0,645437,0,6504208971,IBOV
2018-04-03,84669.0,85411.0,84210.0,84623.0,602116,0,6788590399,IBOV
2018-04-04,84610.0,84610.0,82826.0,84360.0,705648,0,7232860156,IBOV
2018-04-05,84374.0,86148.0,84374.0,85210.0,825457,0,11310363735,IBOV
2018-04-06,85210.0,85210.0,83833.0,84820.0,726024,0,7665687243,IBOV
2018-04-09,84832.0,85110.0,83155.0,83307.0,750406,0,7680697629,IBOV
2018-04-10,83328.0,84538.0,83327.0,84510.0,776979,0,8796797135,IBOV
2018-04-11,84494.0,85417.0,84340.0,85246.0,702484,0,8224136651,IBOV
2018-04-12,85291.0,85577.0,85025.0,85444.0,701996,0,7113529793,IBOV
2018-04-13,85425.0,85425.0,84144.0,84334.0,758548,0,8177441514,IBOV
2018-04-16,84328.0,84591.0,82762.0,82862.0,657153,0,7373139929,IBOV
2018-04-17,82862.0,84191.0,82810.0,84086.0,691139,0,6594725240,IBOV
2018-04-18,84125.0,86149.0,84125.0,85776.0,963966,0,10842792955,IBOV
2018-04-19,85665.0,86059.0,85197.0,85824.0,741778,0,8717369097,IBOV
2018-04-20,85823.0,85823.0,85025.0,85550.0,605862,0,6987699651,IBOV
2018-04-23,85520.0,85746.0,84711.0,85603.0,619575,0,6397641912,IBOV
2018-04-24,85603.0,86578.0,85106.0,85469.0,690613,0,7256491232,IBOV
2018-04-25,85466.0,85466.0,84349.0,85044.0,748240,0,8097887959,IBOV
2018-04-26,85079.0,86383.0,85079.0,86383.0,731808,0,8282642044,IBOV
2018-04-27,86403.0,87179.0,86262.0,86445.0,717144,0,7845984560,IBOV
2018-04-30,86443.0,86739.0,85979.0,86116.0,542354,0,5489700108,IBOV
2018-05-02,86111.0,86111.0,84383.0,84547.0,924249,0,9705704213,IBOV
2018-05-03,84547.0,84562.0,83178.0,83288.0,894231,0,9972011723,IBOV
2018-05-04,83286.0,83671.0,82746.0,83122.0,738482,0,8884877646,IBOV
2018-05-07,83122.0,83643.0,82602.0,82714.0,695498,0,7471509946,IBOV
2018-05-08,82716.0,83409.0,82201.0,82956.0,29669789,0,344316615547,IBOV
2018-05-09,82977.0,84447.0,82855.0,84265.0,938473,0,11723762304,IBOV
2018-05-10,84324.0,86201.0,84324.0,85861.0,991108,0,12034448254,IBOV
2018-05-11,85861.0,86406.0,85183.0,85220.0,954079,0,11126672906,IBOV
2018-05-14,85279.0,86105.0,84688.0,85232.0,1044200,0,10292877143,IBOV
2018-05-15,85225.0,85231.0,83830.0,85130.0,1109730,0,11310978696,IBOV
2018-05-16,85122.0,86678.0,85044.0,86537.0,810436,0,9769039100,IBOV
2018-05-17,86537.0,86537.0,83377.0,83622.0,1253192,0,14766200076,IBOV
2018-05-18,83569.0,83575.0,81391.0,83082.0,1317523,0,15034418808,IBOV
2018-05-21,83095.0,83883.0,81576.0,81815.0,959201,0,10739238017,IBOV
2018-05-22,82015.0,83396.0,81613.0,82739.0,1089857,0,11839023418,IBOV
2018-05-23,82742.0,82742.0,80867.0,80867.0,870664,0,9207541386,IBOV
2018-05-24,80860.0,80860.0,79027.0,80122.0,1213031,0,14374013710,IBOV
2018-05-25,80129.0,80629.0,78622.0,78898.0,993477,0,10318731858,IBOV
2018-05-28,78886.0,78886.0,75337.0,75356.0,1035049,0,8951720016,IBOV
2018-05-29,75361.0,77214.0,75361.0,76072.0,1540636,0,13258741408,IBOV
2018-05-30,76045.0,77097.0,75515.0,76754.0,1357174,0,17635271186,IBOV
2018-06-01,76779.0,78169.0,75524.0,77240.0,2465627,0,25428407992,IBOV
2018-06-04,77244.0,78637.0,77244.0,78596.0,868748,0,9035322764,IBOV
2018-06-05,78595.0,78892.0,76412.0,76642.0,1025013,0,10047803020,IBOV
2018-06-06,76641.0,76967.0,75518.0,76117.0,1072320,0,10755188403,IBOV
2018-06-07,76104.0,76104.0,71162.0,73851.0,1794390,0,16820585724,IBOV
2018-06-08,73848.0,74031.0,71679.0,72942.0,1442592,0,12578829074,IBOV
2018-06-11,72924.0,73716.0,71843.0,72308.0,968067,0,7619602449,IBOV
2018-06-12,72308.0,73322.0,72124.0,72754.0,965118,0,8149384878,IBOV
2018-06-13,72757.0,72977.0,71035.0,72122.0,41094328,0,338253429090,IBOV
2018-06-14,72180.0,72708.0,71344.0,71421.0,1035987,0,9423182361,IBOV
2018-06-15,71421.0,71421.0,69583.0,70758.0,1250340,0,14099762853,IBOV
2018-06-18,70757.0,70757.0,69360.0,69815.0,895285,0,7275241145,IBOV
2018-06-19,69811.0,72010.0,69069.0,71394.0,1164724,0,11231722000,IBOV
2018-06-20,71434.0,72617.0,71155.0,72123.0,954156,0,9327896621,IBOV
2018-06-21,72117.0,72207.0,70019.0,70075.0,890840,0,7213034642,IBOV
2018-06-22,70077.0,71058.0,69907.0,70641.0,688331,0,6039623910,IBOV
2018-06-25,70642.0,71323.0,69779.0,70953.0,725551,0,7081930015,IBOV
2018-06-26,71024.0,71622.0,70203.0,71405.0,775556,0,11083787874,IBOV
2018-06-27,71405.0,72032.0,70134.0,70609.0,891444,0,7484934513,IBOV
2018-06-28,70609.0,72092.0,70439.0,71767.0,750165,0,7178781175,IBOV
2018-06-29,71779.0,73020.0,71779.0,72763.0,854732,0,8069623325,IBOV
2018-07-02,72763.0,72840.0,71935.0,72840.0,592095,0,5637879171,IBOV
2018-07-03,72848.0,74515.0,72848.0,73668.0,728592,0,6843300474,IBOV
2018-07-04,73727.0,74904.0,73450.0,74744.0,463099,0,4382384588,IBOV
2018-07-05,74751.0,75127.0,73756.0,74553.0,769938,0,7438336097,IBOV
2018-07-06,74563.0,75065.0,74048.0,75008.0,610675,0,5692272367,IBOV
2018-07-10,75015.0,75895.0,74431.0,74862.0,786472,0,8665908499,IBOV
2018-07-11,74862.0,75025.0,74196.0,74399.0,712663,0,8247978789,IBOV
2018-07-12,74403.0,75898.0,74403.0,75856.0,778207,0,8147476700,IBOV
2018-07-13,75856.0,76682.0,75554.0,76596.0,748011,0,7844045092,IBOV
2018-07-16,76587.0,76924.0,76129.0,76653.0,735753,0,6884023519,IBOV
2018-07-17,76653.0,78522.0,76482.0,78130.0,915703,0,8491312996,IBOV
2018-07-18,78124.0,78496.0,77164.0,77363.0,727752,0,8159643237,IBOV
2018-07-19,77360.0,77487.0,75890.0,77487.0,715183,0,8728412173,IBOV
2018-07-20,77501.0,79489.0,77501.0,78571.0,1039928,0,11031506581,IBOV
2018-07-23,78564.0,78639.0,77871.0,77996.0,599680,0,5498417144,IBOV
2018-07-24,78005.0,79497.0,78005.0,79155.0,721775,0,7548821955,IBOV
2018-07-25,79233.0,80437.0,79227.0,80218.0,796307,0,8407374260,IBOV
2018-07-26,80242.0,80589.0,79081.0,79405.0,711811,0,9972367355,IBOV
2018-07-27,79405.0,80251.0,79405.0,79866.0,689339,0,7246391377,IBOV
2018-07-30,79866.0,80492.0,79699.0,80276.0,603327,0,6197559888,IBOV
2018-07-31,80279.0,80279.0,79016.0,79220.0,818238,0,7909031707,IBOV
2018-08-01,79212.0,79731.0,78769.0,79302.0,733219,0,8071206183,IBOV
2018-08-02,79237.0,79896.0,78573.0,79637.0,624484,0,7183477190,IBOV
2018-08-03,79656.0,81792.0,79656.0,81435.0,859882,0,9250936381,IBOV
2018-08-06,81445.0,81765.0,80965.0,81051.0,634033,0,6069692398,IBOV
2018-08-07,81094.0,81742.0,79923.0,80347.0,975458,0,9723035283,IBOV
2018-08-08,80365.0,80912.0,78966.0,79152.0,864238,0,8862498739,IBOV
2018-08-09,79171.0,79461.0,78156.0,78768.0,956853,0,8391581792,IBOV
2018-08-10,78766.0,78766.0,76043.0,76514.0,1129372,0,10058106499,IBOV
2018-08-13,76513.0,77689.0,75931.0,77496.0,861136,0,8297843555,IBOV
2018-08-14,77556.0,78742.0,77555.0,78602.0,796385,0,7842984429,IBOV
2018-08-15,78614.0,78618.0,76829.0,77078.0,1056519,0,9937018205,IBOV
2018-08-16,77085.0,77704.0,76381.0,76819.0,783585,0,7487394868,IBOV
2018-08-17,76817.0,76817.0,75633.0,76029.0,906255,0,8389820304,IBOV
2018-08-20,76029.0,76497.0,75608.0,76328.0,823653,0,7843771268,IBOV
2018-08-21,76327.0,76340.0,74915.0,75180.0,1004553,0,8839374377,IBOV
2018-08-22,75171.0,76904.0,74876.0,76902.0,769429,0,7541382513,IBOV
2018-08-23,76899.0,77232.0,75466.0,75634.0,895775,0,8378611373,IBOV
2018-08-24,75653.0,76629.0,75653.0,76262.0,701545,0,6403868559,IBOV
2018-08-27,76264.0,78008.0,76264.0,77930.0,585655,0,5801118211,IBOV
2018-08-28,77928.0,78038.0,77149.0,77473.0,677361,0,6572329867,IBOV
2018-08-29,77472.0,78783.0,77399.0,78389.0,704011,0,6893097445,IBOV
2018-08-30,78365.0,78365.0,76372.0,76404.0,834916,0,7886104082,IBOV
2018-08-31,76386.0,77202.0,76026.0,76678.0,757673,0,9349791390,IBOV
2018-09-03,76675.0,76675.0,75729.0,76193.0,441665,0,3605396245,IBOV
2018-09-04,76177.0,76185.0,74605.0,74712.0,803080,0,6797208115,IBOV
2018-09-05,74712.0,75370.0,74276.0,75092.0,631369,0,6472343564,IBOV
2018-09-06,75098.0,76533.0,74986.0,76416.0,771820,0,7181835586,IBOV
2018-09-10,76416.0,77293.0,76115.0,76436.0,730917,0,7040072438,IBOV
2018-09-11,76437.0,76437.0,74275.0,74657.0,885751,0,7363819766,IBOV
2018-09-12,74680.0,75680.0,74499.0,75125.0,761132,0,8042953194,IBOV
2018-09-13,75126.0,75407.0,74501.0,74687.0,764626,0,6881867025,IBOV
2018-09-14,74687.0,75705.0,74445.0,75429.0,793210,0,7294566290,IBOV
2018-09-17,75428.0,76893.0,75227.0,76789.0,708010,0,7233598504,IBOV
2018-09-18,76779.0,78454.0,76677.0,78314.0,860125,0,9221666891,IBOV
2018-09-19,78242.0,79021.0,77624.0,78169.0,778236,0,8039278366,IBOV
2018-09-20,78169.0,78944.0,77820.0,78116.0,636128,0,6665493098,IBOV
2018-09-21,78148.0,80002.0,78148.0,79444.0,777768,0,11047716738,IBOV
2018-09-24,79447.0,79447.0,77857.0,77984.0,613254,0,6139096231,IBOV
2018-09-25,77980.0,78688.0,77005.0,78630.0,763069,0,8345770313,IBOV
2018-09-26,78636.0,79461.0,78530.0,78656.0,930597,0,8764149727,IBOV
2018-09-27,78676.0,80107.0,78676.0,80000.0,930101,0,10325888414,IBOV
2018-09-28,80000.0,80000.0,78967.0,79342.0,666902,0,8973832361,IBOV
2018-10-01,79350.0,79557.0,78091.0,78624.0,621698,0,6597585507,IBOV
2018-10-02,78625.0,81778.0,78625.0,81612.0,1367758,0,14157370507,IBOV
2018-10-03,81624.0,85442.0,81623.0,83273.0,1620168,0,18810333506,IBOV
2018-10-04,83275.0,83430.0,81892.0,82953.0,952191,0,11481003757,IBOV
2018-10-05,82999.0,83805.0,82030.0,82322.0,1014444,0,12271135681,IBOV
2018-10-08,82324.0,87333.0,82324.0,86084.0,2112462,0,24576056478,IBOV
2018-10-09,86066.0,86573.0,85433.0,86088.0,1234731,0,14832800041,IBOV
2018-10-10,86084.0,86085.0,83679.0,83679.0,1040418,0,11907527023,IBOV
2018-10-11,83700.0,84749.0,82607.0,82921.0,1076050,0,12692314782,IBOV
2018-10-15,82922.0,84278.0,82922.0,83360.0,1038260,0,11671774384,IBOV
2018-10-16,83420.0,85718.0,83420.0,85718.0,1040671,0,12042629681,IBOV
2018-10-17,85684.0,86167.0,84944.0,85764.0,1043356,0,12286812372,IBOV
2018-10-18,85760.0,85760.0,83846.0,83847.0,874123,0,9956884473,IBOV
2018-10-19,83845.0,84954.0,83667.0,84220.0,779811,0,8680782470,IBOV
2018-10-22,84222.0,85772.0,84222.0,85597.0,831345,0,9044266939,IBOV
2018-10-23,85595.0,85595.0,84032.0,85300.0,1007600,0,10800989533,IBOV
2018-10-24,85302.0,85786.0,83035.0,83064.0,973337,0,11142355612,IBOV
2018-10-25,83124.0,84831.0,83124.0,84084.0,1204855,0,13050335669,IBOV
2018-10-26,84084.0,85720.0,83497.0,85720.0,1469995,0,16353520867,IBOV
2018-10-29,85728.0,88377.0,82783.0,83797.0,1719109,0,19699635557,IBOV
2018-10-30,83802.0,86990.0,83802.0,86886.0,1613111,0,16770103155,IBOV
2018-10-31,86889.0,88028.0,86213.0,87424.0,1271618,0,14799827568,IBOV
2018-11-01,87454.0,89017.0,87094.0,88419.0,1203404,0,15414135860,IBOV
2018-11-05,88418.0,89598.0,88347.0,89598.0,1125215,0,11981247722,IBOV
2018-11-06,89587.0,89587.0,88066.0,88669.0,960329,0,11941646484,IBOV
2018-11-07,88676.0,89565.0,87541.0,87714.0,1045227,0,11664071555,IBOV
2018-11-08,87732.0,88570.0,85620.0,85620.0,1091768,0,13093929742,IBOV
2018-11-09,85620.0,86233.0,84030.0,85641.0,1019913,0,12305538501,IBOV
2018-11-12,85637.0,86227.0,85009.0,85525.0,831877,0,8550672480,IBOV
2018-11-13,85531.0,85941.0,84071.0,84914.0,982502,0,11009361635,IBOV
2018-11-14,84898.0,85973.0,84267.0,85973.0,1128767,0,13674532420,IBOV
2018-11-16,85975.0,88516.0,85975.0,88515.0,1206253,0,12892107671,IBOV
2018-11-19,88472.0,88484.0,87047.0,87901.0,792438,0,9367395587,IBOV
2018-11-21,87896.0,87896.0,86254.0,87269.0,1906788,0,20492504677,IBOV
2018-11-22,87246.0,87656.0,87222.0,87477.0,1063107,0,10799722176,IBOV
2018-11-23,87476.0,87477.0,85763.0,86230.0,936070,0,10396615782,IBOV
2018-11-26,86237.0,87147.0,84905.0,85547.0,6362571,0,68013706236,IBOV
2018-11-27,85558.0,88018.0,85377.0,87891.0,1228043,0,11981471049,IBOV
2018-11-28,87891.0,89483.0,87153.0,89251.0,1157965,0,13103854399,IBOV
2018-11-29,89249.0,89910.0,88475.0,89710.0,928156,0,10420651614,IBOV
2018-11-30,89709.0,90246.0,89258.0,89504.0,1079800,0,16102458810,IBOV
2018-12-03,89511.0,91242.0,89429.0,89820.0,1230900,0,14813487672,IBOV
2018-12-04,89820.0,90452.0,88041.0,88624.0,1131812,0,12411539126,IBOV
2018-12-05,88644.0,89111.0,88449.0,89040.0,624530,0,6578174852,IBOV
2018-12-06,88933.0,88933.0,87025.0,88846.0,1018754,0,10594457752,IBOV
2018-12-07,88849.0,89986.0,87907.0,88115.0,947696,0,11088919200,IBOV
2018-12-10,88115.0,88384.0,85915.0,85915.0,902336,0,9545843658,IBOV
2018-12-11,85949.0,87520.0,85583.0,86420.0,945653,0,10576607406,IBOV
2018-12-12,86467.0,87946.0,86467.0,86977.0,1184685,0,11808102106,IBOV
2018-12-13,86984.0,87842.0,86856.0,87838.0,844566,0,8638942179,IBOV
2018-12-14,87838.0,88184.0,87106.0,87450.0,789425,0,8595175209,IBOV
2018-12-17,87448.0,87820.0,86328.0,86400.0,833756,0,9060734526,IBOV
2018-12-18,86400.0,87274.0,86400.0,86610.0,869486,0,9636782061,IBOV
2018-12-19,86657.0,88101.0,85674.0,85674.0,1017590,0,13361781685,IBOV
2018-12-20,85678.0,86584.0,84756.0,85269.0,1013578,0,12902055310,IBOV
2018-12-21,85269.0,86554.0,85134.0,85697.0,941814,0,14432196298,IBOV
2018-12-26,85684.0,85684.0,83892.0,85136.0,787375,0,7714979946,IBOV
2018-12-27,85141.0,85739.0,84876.0,85460.0,793419,0,8067461124,IBOV
2018-12-28,85509.0,88044.0,85504.0,87887.0,860987,0,9037923165,IBOV
2019-01-02,87879.0,91479.0,87536.0,91012.0,1327689,0,14161809518,IBOV
2019-01-03,91011.0,91596.0,89922.0,91564.0,1312636,0,17365707795,IBOV
2019-01-04,91577.0,92701.0,90824.0,91841.0,3556069,0,41567673771,IBOV
2019-01-07,91845.0,92552.0,91288.0,91699.0,986162,0,12083536033,IBOV
2019-01-08,91702.0,92231.0,91064.0,92032.0,1166559,0,11563913913,IBOV
2019-01-09,92033.0,93626.0,92028.0,93613.0,1320061,0,13248664745,IBOV
2019-01-10,93599.0,93987.0,93050.0,93806.0,1112618,0,11782883660,IBOV
2019-01-11,93806.0,93961.0,93359.0,93658.0,1179464,0,11912983438,IBOV
2019-01-14,93650.0,94474.0,93335.0,94474.0,1053151,0,10831341205,IBOV
2019-01-15,94474.0,94695.0,93402.0,94056.0,998057,0,12130120683,IBOV
2019-01-16,94057.0,94393.0,93687.0,94393.0,1032879,0,10115505241,IBOV
2019-01-17,94393.0,95682.0,93950.0,95351.0,1164135,0,12513098697,IBOV
2019-01-18,95386.0,96396.0,95386.0,96097.0,2241182,0,25756066926,IBOV
2019-01-21,96069.0,96076.0,94863.0,96010.0,683079,0,7078800078,IBOV
2019-01-22,96008.0,96070.0,94662.0,95103.0,950972,0,10630626244,IBOV
2019-01-23,95116.0,96576.0,95116.0,96558.0,1006958,0,11633420789,IBOV
2019-01-24,96558.0,97677.0,96558.0,97677.0,1042728,0,12027859916,IBOV
2019-01-28,97674.0,97937.0,94783.0,95444.0,1603534,0,20941622155,IBOV
2019-01-29,95508.0,96751.0,95508.0,95639.0,1229494,0,14325374434,IBOV
2019-01-30,95651.0,97107.0,95651.0,96996.0,1324983,0,15337846030,IBOV
2019-01-31,97036.0,98405.0,97036.0,97394.0,1412436,0,15935021224,IBOV
2019-02-01,97399.0,98044.0,96990.0,97861.0,1127830,0,10499067315,IBOV
2019-02-04,97861.0,98589.0,96901.0,98589.0,996817,0,11360016426,IBOV
2019-02-05,98587.0,98587.0,97596.0,98311.0,1081048,0,12624377303,IBOV
2019-02-06,98308.0,98308.0,94636.0,94636.0,1242965,0,13966728712,IBOV
2019-02-07,94654.0,95642.0,93507.0,94406.0,1293294,0,14337990483,IBOV
2019-02-08,94401.0,95486.0,93424.0,95343.0,1162610,0,13696565611,IBOV
2019-02-11,95351.0,95499.0,93737.0,94413.0,888977,0,9834345813,IBOV
2019-02-12,94420.0,96571.0,94420.0,96168.0,1109196,0,13776414412,IBOV
2019-02-13,96177.0,96804.0,95389.0,95842.0,1463716,0,15330882975,IBOV
2019-02-14,95858.0,98019.0,94915.0,98015.0,1133584,0,14200956771,IBOV
2019-02-15,98015.0,98238.0,97083.0,97526.0,1061835,0,12038416520,IBOV
2019-02-18,97218.0,97218.0,96239.0,96510.0,296627,0,4700539653,IBOV
2019-02-19,96513.0,98185.0,96513.0,97659.0,883028,0,12170045276,IBOV
2019-02-20,97661.0,98544.0,96545.0,96545.0,1343856,0,14410362312,IBOV
2019-02-21,96546.0,97231.0,95793.0,96932.0,1090345,0,13234273256,IBOV
2019-02-22,96929.0,97887.0,96929.0,97886.0,966402,0,11387188403,IBOV
2019-02-25,97881.0,98190.0,97087.0,97240.0,923612,0,10145000443,IBOV
2019-02-26,97242.0,97904.0,97235.0,97603.0,899487,0,9036617912,IBOV
2019-02-27,97603.0,97782.0,96886.0,97307.0,971898,0,9938715684,IBOV
2019-02-28,97307.0,97528.0,95364.0,95584.0,1108728,0,13895579032,IBOV
2019-03-01,95584.0,96113.0,94394.0,94604.0,1046058,0,10806326845,IBOV
2019-03-06,94604.0,94889.0,93945.0,94217.0,3030350,0,26749675654,IBOV
2019-03-07,94216.0,94532.0,93729.0,94340.0,1003503,0,10284194351,IBOV
2019-03-08,94340.0,95476.0,93305.0,95365.0,1020726,0,10574196800,IBOV
2019-03-11,95628.0,98027.0,95628.0,98027.0,482615,0,7616434148,IBOV
2019-03-12,98038.0,98150.0,97267.0,97828.0,814951,0,10021041053,IBOV
2019-03-13,97831.0,99267.0,97464.0,98904.0,1076776,0,12914918780,IBOV
2019-03-14,98905.0,99036.0,97776.0,98605.0,826248,0,9572884168,IBOV
2019-03-15,98605.0,99393.0,98597.0,99137.0,907409,0,13901163510,IBOV
2019-03-18,99141.0,100038.0,99141.0,99994.0,1798950,0,23016853090,IBOV
2019-03-19,100004.0,100439.0,99373.0,99588.0,1103735,0,14150463414,IBOV
2019-03-20,99588.0,99708.0,97981.0,98041.0,1061737,0,13032326067,IBOV
2019-03-21,98041.0,98046.0,95456.0,96729.0,1376532,0,14102323814,IBOV
2019-03-22,96725.0,96725.0,93380.0,93735.0,1602851,0,16296688777,IBOV
2019-03-25,93732.0,94384.0,93103.0,93662.0,620100,0,9082961570,IBOV
2019-03-26,93668.0,95525.0,93668.0,95307.0,1066844,0,12456762415,IBOV
2019-03-27,95297.0,95297.0,91903.0,91903.0,1477978,0,14385601072,IBOV
2019-03-28,91901.0,94854.0,91584.0,94389.0,1314115,0,14224983654,IBOV
2019-03-29,94402.0,95863.0,94402.0,95415.0,1067037,0,12213495485,IBOV
2019-04-01,95423.0,96752.0,95423.0,96054.0,845523,0,9877959450,IBOV
2019-04-02,96062.0,96690.0,94825.0,95387.0,802273,0,9375018323,IBOV
2019-04-03,95392.0,96442.0,94124.0,94491.0,989967,0,11162119583,IBOV
2019-04-04,94503.0,96394.0,94334.0,96313.0,980977,0,10216884691,IBOV
2019-04-05,96319.0,97493.0,96152.0,97108.0,1816751,0,18333964548,IBOV
2019-04-08,97110.0,97610.0,96743.0,97369.0,921707,0,9036068937,IBOV
2019-04-09,97366.0,97366.0,95488.0,96292.0,1019947,0,9551245776,IBOV
2019-04-10,96292.0,96902.0,95670.0,95953.0,962826,0,11325469521,IBOV
2019-04-11,95954.0,95954.0,94173.0,94755.0,904937,0,8833345535,IBOV
2019-04-12,94747.0,94768.0,92516.0,92875.0,1313721,0,17196314611,IBOV
2019-04-15,92875.0,93723.0,92697.0,93083.0,1069840,0,12057707277,IBOV
2019-04-16,93082.0,95062.0,92879.0,94333.0,1098085,0,11465432788,IBOV
2019-04-17,94337.0,95042.0,92338.0,93285.0,1328326,0,16607579272,IBOV
2019-04-18,93285.0,95140.0,93285.0,94578.0,959452,0,12401351326,IBOV
2019-04-22,94547.0,95038.0,93721.0,94588.0,778787,0,7849605728,IBOV
2019-04-23,94590.0,96315.0,94590.0,95923.0,979348,0,10381365155,IBOV
2019-04-24,95923.0,95923.0,94163.0,95045.0,1061614,0,11406085870,IBOV
2019-04-25,95027.0,96552.0,94213.0,96552.0,1108179,0,12405834100,IBOV
2019-04-26,96552.0,96563.0,95620.0,96236.0,980039,0,9500957748,IBOV
2019-04-29,96254.0,97123.0,96004.0,96188.0,793270,0,8311858957,IBOV
2019-04-30,96191.0,96707.0,95613.0,96353.0,1031208,0,10477748116,IBOV
2019-05-02,96339.0,96339.0,95312.0,95528.0,6875993,0,78416481683,IBOV
2019-05-03,95521.0,96315.0,95521.0,96008.0,30697321,0,366690138582,IBOV
2019-05-06,95992.0,95992.0,94540.0,95009.0,768382,0,7649111441,IBOV
2019-05-07,95009.0,95009.0,92750.0,94389.0,1156958,0,12049459312,IBOV
2019-05-08,94389.0,96312.0,94389.0,95597.0,1177269,0,12252442612,IBOV
2019-05-09,95597.0,95597.0,93883.0,94808.0,1033264,0,10709609944,IBOV
2019-05-10,94809.0,94848.0,93234.0,94258.0,1061364,0,10583834702,IBOV
2019-05-13,94252.0,94252.0,91600.0,91727.0,1146151,0,10805350968,IBOV
2019-05-14,91772.0,92529.0,91562.0,92092.0,987932,0,9872870196,IBOV
2019-05-15,92088.0,92088.0,90295.0,91623.0,1210094,0,11323434899,IBOV
2019-05-16,91622.0,91622.0,89778.0,90024.0,1410840,0,14137597053,IBOV
2019-05-17,90023.0,91321.0,89409.0,89993.0,1258612,0,13285382128,IBOV
2019-05-20,90006.0,92117.0,89822.0,91946.0,14027747,0,136877703802,IBOV
2019-05-21,91946.0,94573.0,91946.0,94485.0,1262781,0,13796980513,IBOV
2019-05-22,94485.0,95212.0,93883.0,94361.0,992768,0,11207652733,IBOV
2019-05-23,94360.0,94547.0,93300.0,93910.0,871816,0,10021645647,IBOV
2019-05-24,93912.0,94900.0,93545.0,93628.0,932315,0,9434148476,IBOV
2019-05-27,93747.0,95444.0,93746.0,94864.0,689983,0,6725116559,IBOV
2019-05-28,94863.0,96552.0,94707.0,96393.0,1164577,0,17858080520,IBOV
2019-05-29,96389.0,96986.0,95690.0,96567.0,1113734,0,11661354765,IBOV
2019-05-30,96566.0,97939.0,96511.0,97457.0,1084501,0,10949131617,IBOV
2019-05-31,97420.0,97992.0,96792.0,97030.0,1229586,0,13222491227,IBOV
2019-06-03,97036.0,97757.0,96430.0,97020.0,1142828,0,11427617765,IBOV
2019-06-04,97020.0,97723.0,96593.0,97380.0,1091845,0,11183308132,IBOV
2019-06-05,97381.0,97686.0,95686.0,95997.0,915171,0,9864386213,IBOV
2019-06-06,96002.0,97462.0,96002.0,97205.0,920280,0,10259442821,IBOV
2019-06-07,97205.0,98326.0,97205.0,97821.0,948452,0,9404259653,IBOV
2019-06-10,97828.0,97856.0,96782.0,97467.0,916677,0,8970253269,IBOV
2019-06-11,97467.0,98985.0,97467.0,98960.0,1118823,0,13809493312,IBOV
2019-06-12,98960.0,99240.0,97831.0,98321.0,1097222,0,12340873013,IBOV
2019-06-13,98321.0,99364.0,98321.0,98774.0,1146907,0,14586424636,IBOV
2019-06-14,98776.0,98981.0,97601.0,98040.0,958256,0,14009573372,IBOV
2019-06-17,98038.0,98439.0,97623.0,97623.0,924657,0,10453540637,IBOV
2019-06-18,97633.0,99412.0,97633.0,99404.0,1012961,0,12060465382,IBOV
2019-06-19,99409.0,100327.0,98978.0,100303.0,1006937,0,12139633963,IBOV
2019-06-21,100305.0,102100.0,100305.0,102013.0,1148752,0,14933018725,IBOV
2019-06-24,102018.0,102617.0,101589.0,102062.0,905548,0,9307805720,IBOV
2019-06-25,102061.0,102061.0,99890.0,100093.0,992338,0,12506567240,IBOV
2019-06-26,100095.0,101126.0,100095.0,100689.0,840251,0,13152603087,IBOV
2019-06-27,100689.0,101025.0,99421.0,100724.0,946283,0,11493703787,IBOV
2019-06-28,100726.0,101563.0,100726.0,100967.0,891735,0,10833683682,IBOV
2019-07-01,100974.0,102432.0,100974.0,101340.0,980439,0,10876792867,IBOV
2019-07-02,101342.0,101565.0,100073.0,100605.0,1151267,0,13292493592,IBOV
2019-07-03,100576.0,102177.0,100451.0,102043.0,1018324,0,11708457161,IBOV
2019-07-04,102047.0,104022.0,102047.0,103636.0,949601,0,10222881844,IBOV
2019-07-05,103628.0,104176.0,102622.0,104090.0,1006423,0,11712932205,IBOV
2019-07-08,104089.0,104679.0,103988.0,104530.0,789059,0,9198414527,IBOV
2019-07-10,104537.0,106650.0,104537.0,105817.0,1620820,0,17494519942,IBOV
2019-07-11,105818.0,105886.0,104814.0,105146.0,1152105,0,12955195489,IBOV
2019-07-12,105158.0,105731.0,103903.0,103906.0,1082918,0,12882541376,IBOV
2019-07-15,103909.0,104578.0,103495.0,103803.0,874646,0,10191621843,IBOV
2019-07-16,103805.0,104440.0,103361.0,103775.0,916585,0,11669633900,IBOV
2019-07-17,103775.0,104453.0,103712.0,103856.0,884913,0,10724745014,IBOV
2019-07-18,103859.0,104773.0,103859.0,104717.0,869993,0,11190546168,IBOV
2019-07-19,104716.0,104723.0,103388.0,103452.0,826051,0,9657519663,IBOV
2019-07-22,103482.0,104278.0,103482.0,103950.0,817369,0,8995690731,IBOV
2019-07-23,103950.0,104430.0,103518.0,103704.0,873795,0,11828963227,IBOV
2019-07-24,103707.0,104570.0,103707.0,104120.0,1056403,0,12661171014,IBOV
2019-07-25,104119.0,104440.0,102391.0,102655.0,1260050,0,15100685146,IBOV
2019-07-26,102654.0,103209.0,102196.0,102819.0,1041396,0,13913284106,IBOV
2019-07-29,102817.0,103483.0,102461.0,103483.0,838779,0,9582958278,IBOV
2019-07-30,103483.0,103555.0,102596.0,102933.0,1004078,0,11473304156,IBOV
2019-07-31,102946.0,103129.0,100950.0,101812.0,2544472,0,29068344154,IBOV
2019-08-01,101819.0,104056.0,101819.0,102126.0,1709581,0,20139229616,IBOV
2019-08-02,102122.0,103180.0,101667.0,102674.0,1163858,0,13854899282,IBOV
2019-08-05,102658.0,102658.0,99630.0,100098.0,1379936,0,13692266283,IBOV
2019-08-06,100098.0,102178.0,100098.0,102164.0,1209089,0,13902086008,IBOV
2019-08-07,102163.0,102784.0,100476.0,102782.0,1263281,0,15074508046,IBOV
2019-08-08,102782.0,104282.0,102782.0,104115.0,1417141,0,15019540539,IBOV
2019-08-09,104102.0,104848.0,103547.0,103996.0,1128387,0,12903800926,IBOV
2019-08-12,103946.0,103946.0,101621.0,101915.0,1119620,0,11658586143,IBOV
2019-08-13,101912.0,103778.0,101414.0,103300.0,1220999,0,13607476842,IBOV
2019-08-14,103270.0,103270.0,99955.0,100258.0,1645452,0,15948102109,IBOV
2019-08-15,100262.0,101014.0,98200.0,99057.0,1450503,0,15132634657,IBOV
2019-08-16,99059.0,100567.0,99059.0,99806.0,1339470,0,12752081583,IBOV
2019-08-19,99810.0,100948.0,98908.0,99469.0,1171598,0,12068325721,IBOV
2019-08-20,99472.0,99665.0,98002.0,99222.0,1160504,0,11471565614,IBOV
2019-08-21,99227.0,101240.0,99221.0,101202.0,1270076,0,14237855014,IBOV
2019-08-22,101209.0,101469.0,100011.0,100011.0,1043294,0,11225730320,IBOV
2019-08-23,100007.0,100025.0,97085.0,97667.0,1474150,0,14037911025,IBOV
2019-08-26,97687.0,98436.0,95961.0,96430.0,1084931,0,10013686694,IBOV
2019-08-27,96434.0,97951.0,95855.0,97276.0,1272040,0,16228152269,IBOV
2019-08-28,97273.0,98346.0,96557.0,98194.0,1035968,0,9994308696,IBOV
2019-08-29,98194.0,100684.0,98194.0,100524.0,1236141,0,12455377115,IBOV
2019-08-30,100526.0,101551.0,100526.0,101135.0,1105834,0,15820991454,IBOV
2019-09-02,101133.0,101611.0,100626.0,100626.0,753010,0,7038612863,IBOV
2019-09-03,100626.0,101417.0,99406.0,99681.0,1064277,0,10910199045,IBOV
2019-09-04,99706.0,101201.0,99706.0,101201.0,1022269,0,11079115759,IBOV
2019-09-05,101204.0,103259.0,101204.0,102243.0,1123152,0,12970973725,IBOV
2019-09-06,102247.0,103182.0,102246.0,102935.0,918209,0,10588376119,IBOV
2019-09-09,102937.0,104260.0,102793.0,103181.0,1376066,0,14741696322,IBOV
2019-09-10,103180.0,103504.0,102231.0,103032.0,1354918,0,13601404227,IBOV
2019-09-11,103036.0,104156.0,103036.0,103446.0,1053802,0,12878159387,IBOV
2019-09-12,103453.0,104618.0,103453.0,104371.0,1114970,0,13174718634,IBOV
2019-09-13,104371.0,104699.0,103275.0,103501.0,997601,0,11130486205,IBOV
2019-09-16,103496.0,104005.0,102782.0,103680.0,1186379,0,16280540843,IBOV
2019-09-17,103680.0,104619.0,103079.0,104617.0,1053178,0,12493092063,IBOV
2019-09-18,104616.0,104762.0,103684.0,104532.0,4570670,0,50511711867,IBOV
2019-09-19,104555.0,106001.0,104286.0,104339.0,3405862,0,37674754424,IBOV
2019-09-20,104339.0,105045.0,103914.0,104817.0,1117927,0,18378018566,IBOV
2019-09-23,104817.0,104817.0,104020.0,104638.0,776769,0,8377344973,IBOV
2019-09-24,104638.0,104893.0,103504.0,103876.0,971183,0,10431874620,IBOV
2019-09-25,103857.0,104481.0,103034.0,104481.0,1034675,0,10482238984,IBOV
2019-09-26,104485.0,105342.0,104337.0,105319.0,957919,0,10557340484,IBOV
2019-09-27,105319.0,105633.0,104506.0,105078.0,851233,0,9222449023,IBOV
2019-09-30,105078.0,105178.0,104638.0,104745.0,965721,0,9887766632,IBOV
2019-10-01,104745.0,105121.0,103838.0,104053.0,954797,0,10201435959,IBOV
2019-10-02,104049.0,104049.0,100944.0,101031.0,1216203,0,12798382643,IBOV
2019-10-03,101031.0,101560.0,99826.0,101516.0,1069538,0,11832445236,IBOV
2019-10-04,101531.0,102580.0,101057.0,102551.0,1032191,0,12265589838,IBOV
2019-10-07,102546.0,102546.0,100542.0,100573.0,995934,0,10158801892,IBOV
2019-10-08,100565.0,101296.0,99868.0,99981.0,1077557,0,10923541979,IBOV
2019-10-09,100005.0,101567.0,100005.0,101249.0,1796273,0,19069786775,IBOV
2019-10-10,101262.0,102483.0,101152.0,101817.0,880719,0,10602459456,IBOV
2019-10-11,101819.0,104381.0,101819.0,103832.0,1101210,0,12049605839,IBOV
2019-10-14,103834.0,104305.0,103439.0,104302.0,720105,0,7897413230,IBOV
2019-10-15,104299.0,105048.0,104053.0,104490.0,979655,0,11386781411,IBOV
2019-10-16,104486.0,105462.0,103521.0,105423.0,1024166,0,12687269165,IBOV
2019-10-17,105389.0,105891.0,104827.0,105016.0,943352,0,11446405537,IBOV
2019-10-18,105012.0,105464.0,104525.0,104729.0,865303,0,12445203928,IBOV
2019-10-21,104729.0,106027.0,104696.0,106022.0,809766,0,9486790498,IBOV
2019-10-22,106023.0,107421.0,105927.0,107381.0,1172636,0,14231373641,IBOV
2019-10-23,107381.0,107959.0,107041.0,107544.0,1105769,0,13158902896,IBOV
2019-10-24,107553.0,107744.0,106593.0,106986.0,1240444,0,15188013718,IBOV
2019-10-25,106990.0,108083.0,106990.0,107364.0,1185225,0,14208334353,IBOV
2019-10-28,107366.0,108393.0,107363.0,108187.0,883041,0,11137676518,IBOV
2019-10-29,108189.0,108195.0,107313.0,107556.0,982992,0,11340090600,IBOV
2019-10-30,107557.0,108408.0,106622.0,108408.0,1143602,0,14882395670,IBOV
2019-10-31,108403.0,108403.0,106356.0,107220.0,1123734,0,15141761841,IBOV
2019-11-01,107221.0,108496.0,107220.0,108196.0,1224584,0,15999372104,IBOV
2019-11-04,108196.0,109352.0,108196.0,108779.0,1032257,0,14770775954,IBOV
2019-11-05,108779.0,109343.0,108253.0,108719.0,1210588,0,16250937363,IBOV
2019-11-06,108719.0,109633.0,107446.0,108360.0,1204481,0,15402340945,IBOV
2019-11-07,108360.0,109672.0,108360.0,109581.0,1175844,0,15770214497,IBOV
2019-11-08,109572.0,109572.0,107127.0,107629.0,1274362,0,15319893483,IBOV
2019-11-11,107622.0,108367.0,106814.0,108367.0,1005262,0,11037075755,IBOV
2019-11-12,108368.0,108368.0,106233.0,106751.0,1252444,0,14144558700,IBOV
2019-11-13,106751.0,106786.0,105261.0,106060.0,1206337,0,13668709834,IBOV
2019-11-14,106052.0,106758.0,105820.0,106557.0,1269621,0,13148599952,IBOV
2019-11-18,106566.0,107519.0,106246.0,106269.0,1108636,0,13539921344,IBOV
2019-11-19,106269.0,106950.0,105367.0,105864.0,873078,0,10077517962,IBOV
2019-11-21,105866.0,107497.0,105865.0,107497.0,1249239,0,15083441868,IBOV
2019-11-22,107497.0,108692.0,107157.0,108692.0,1021698,0,12586893085,IBOV
2019-11-25,108692.0,108915.0,108080.0,108424.0,1081848,0,11733287778,IBOV
2019-11-26,108424.0,108424.0,106414.0,107059.0,1334677,0,19359114884,IBOV
2019-11-27,107059.0,107991.0,106312.0,107708.0,1051204,0,11682453423,IBOV
2019-11-28,107708.0,108333.0,107148.0,108290.0,781809,0,9492881260,IBOV
2019-11-29,108290.0,108708.0,107759.0,108233.0,919801,0,10640419170,IBOV
2019-12-02,108233.0,109279.0,108233.0,108928.0,1110571,0,12219164488,IBOV
2019-12-03,108931.0,109198.0,108191.0,108956.0,1012178,0,13026250227,IBOV
2019-12-04,108962.0,110301.0,108962.0,110301.0,1002814,0,13092000883,IBOV
2019-12-05,110297.0,111073.0,110008.0,110622.0,980896,0,11636615010,IBOV
2019-12-06,110623.0,111430.0,110623.0,111126.0,1115072,0,12988011439,IBOV
2019-12-09,111125.0,111453.0,110870.0,110977.0,1099644,0,13946737373,IBOV
2019-12-10,110973.0,111184.0,110133.0,110672.0,948807,0,12558987606,IBOV
2019-12-11,110672.0,111227.0,110530.0,110964.0,1103984,0,14641766383,IBOV
2019-12-12,110963.0,112445.0,110963.0,112200.0,1180006,0,15313393531,IBOV
2019-12-13,112205.0,112829.0,111780.0,112565.0,1478323,0,19908702288,IBOV
2019-12-16,112565.0,113197.0,111896.0,111896.0,1343933,0,16494615379,IBOV
2019-12-17,111897.0,112695.0,111897.0,112616.0,1254980,0,14971622298,IBOV
2019-12-18,112618.0,114339.0,112300.0,114315.0,1310996,0,22893896506,IBOV
2019-12-19,114313.0,115132.0,113712.0,115131.0,1105491,0,16162348164,IBOV
2019-12-20,115133.0,115171.0,114526.0,115121.0,1048360,0,19523168270,IBOV
2019-12-23,115119.0,115863.0,114964.0,115863.0,1895740,0,22090199006,IBOV
2019-12-26,115864.0,117220.0,115673.0,117203.0,1015504,0,10548606323,IBOV
2019-12-27,117205.0,117803.0,115995.0,116534.0,1039301,0,10897669413,IBOV
2019-12-30,116530.0,117086.0,115599.0,115645.0,841737,0,10297144874,IBOV
2020-01-02,115652.0,118573.0,115649.0,118573.0,22540869,0,250297964209,IBOV
2020-01-03,118564.0,118792.0,117341.0,117707.0,1223733,0,20214143649,IBOV
2020-01-06,117707.0,117707.0,116269.0,116878.0,1533240,0,21057052213,IBOV
2020-01-07,116872.0,117076.0,115965.0,116662.0,1207095,0,14811049509,IBOV
2020-01-08,116667.0,117335.0,115693.0,116247.0,1369662,0,17808682314,IBOV
2020-01-09,116248.0,116820.0,115411.0,115947.0,1428732,0,17974322291,IBOV
2020-01-10,115948.0,116745.0,114952.0,115503.0,1162190,0,14434540003,IBOV
2020-01-13,115503.0,117333.0,115503.0,117325.0,1338039,0,16711072522,IBOV
2020-01-14,117325.0,117705.0,116610.0,117632.0,1299384,0,15727329977,IBOV
2020-01-15,117632.0,117632.0,116188.0,116414.0,1358591,0,16635654808,IBOV
2020-01-16,116415.0,117106.0,115961.0,116704.0,1287312,0,14659867523,IBOV
2020-01-17,116710.0,118479.0,116710.0,118478.0,1115571,0,14963055143,IBOV
2020-01-20,118478.0,118862.0,117928.0,118862.0,850666,0,11063611204,IBOV
2020-01-21,118861.0,118861.0,117026.0,117026.0,1357289,0,16106157128,IBOV
2020-01-22,117036.0,118401.0,117036.0,118391.0,1269782,0,15562776882,IBOV
2020-01-23,118392.0,119535.0,116906.0,119528.0,1444342,0,19349464688,IBOV
2020-01-24,119528.0,119593.0,118108.0,118376.0,1038044,0,13968948616,IBOV
2020-01-27,118347.0,118347.0,114376.0,114482.0,1517421,0,17626822442,IBOV
2020-01-28,114482.0,116797.0,114475.0,116479.0,1190895,0,14951819404,IBOV
2020-01-29,116495.0,117171.0,115164.0,115385.0,1277866,0,14888957591,IBOV
2020-01-30,115375.0,115528.0,112826.0,115528.0,1542481,0,18293147978,IBOV
2020-01-31,115518.0,115518.0,113148.0,113761.0,1522513,0,18362179883,IBOV
2020-02-03,113761.0,115300.0,113467.0,114629.0,1535149,0,16337120042,IBOV
2020-02-04,114632.0,116556.0,114632.0,115557.0,1431344,0,17429886385,IBOV
2020-02-05,115563.0,117701.0,115562.0,116028.0,1628754,0,21665560164,IBOV
2020-02-06,116033.0,117382.0,114723.0,115190.0,1519282,0,21533513460,IBOV
2020-02-07,115190.0,115190.0,113769.0,113770.0,1442889,0,18765128110,IBOV
2020-02-10,113771.0,114177.0,112134.0,112570.0,1586478,0,22452295857,IBOV
2020-02-11,112574.0,115576.0,112574.0,115371.0,1499816,0,20502136322,IBOV
2020-02-12,115371.0,117581.0,115371.0,116674.0,1695894,0,23983248542,IBOV
2020-02-13,116660.0,116660.0,114801.0,115662.0,1233636,0,16412340881,IBOV
2020-02-14,115663.0,115663.0,114132.0,114381.0,1229938,0,14787967722,IBOV
2020-02-17,114381.0,115696.0,114381.0,115309.0,939436,0,13173571561,IBOV
2020-02-18,115309.0,115309.0,113532.0,114977.0,1351197,0,15303363247,IBOV
2020-02-19,114982.0,116545.0,114774.0,116518.0,1419954,0,17899756639,IBOV
2020-02-20,116518.0,116553.0,114379.0,114586.0,1656177,0,19668340018,IBOV
2020-02-21,114585.0,114585.0,112661.0,113681.0,1582607,0,16760963527,IBOV
2020-02-26,113647.0,113647.0,105053.0,105718.0,2386700,0,25385587609,IBOV
2020-02-27,105706.0,106656.0,102984.0,102984.0,2747114,0,29877034475,IBOV
2020-02-28,102984.0,104172.0,99951.0,104172.0,2744518,0,29615691797,IBOV
2020-03-02,104260.0,107220.0,103779.0,106625.0,2417532,0,24705996689,IBOV
2020-03-03,106630.0,108804.0,104405.0,105537.0,2372361,0,26507956154,IBOV
2020-03-04,105540.0,107809.0,105042.0,107224.0,1961441,0,22354594730,IBOV
2020-03-05,107217.0,107217.0,100536.0,102233.0,2159742,0,22695357691,IBOV
2020-03-06,102231.0,102231.0,96886.0,97997.0,2837557,0,29051293494,IBOV
2020-03-09,97964.0,97964.0,85880.0,86067.0,3689818,0,31519009901,IBOV
2020-03-10,86071.0,92230.0,86071.0,92214.0,3072718,0,29939692291,IBOV
2020-03-11,92202.0,92202.0,80796.0,85171.0,2807461,0,25213980693,IBOV
2020-03-12,85103.0,85103.0,68488.0,72583.0,2124874,0,21303373964,IBOV
2020-03-13,72621.0,83758.0,72621.0,82678.0,3814238,0,31821994699,IBOV
2020-03-16,82565.0,82565.0,70855.0,71168.0,3446268,0,24139376536,IBOV
2020-03-17,71178.0,77255.0,70783.0,74617.0,3382359,0,27624593588,IBOV
2020-03-18,74576.0,74576.0,63547.0,66895.0,3604604,0,26993731506,IBOV
2020-03-19,66810.0,70071.0,61691.0,68332.0,3553809,0,25971118428,IBOV
2020-03-20,68344.0,72247.0,66120.0,67069.0,3586397,0,25040470489,IBOV
2020-03-23,67068.0,67604.0,62161.0,63570.0,2914391,0,18376945576,IBOV
2020-03-24,63604.0,71535.0,63604.0,69729.0,2416183,0,19740961497,IBOV
2020-03-25,69727.0,76714.0,69360.0,74956.0,2832108,0,21582429486,IBOV
2020-03-26,74956.0,78846.0,74923.0,77710.0,2922993,0,23044604310,IBOV
2020-03-27,77708.0,77708.0,73057.0,73429.0,2332573,0,18322866130,IBOV
2020-03-30,73431.0,75430.0,73184.0,74639.0,4013262,0,32260909548,IBOV
2020-03-31,74629.0,75511.0,72385.0,73020.0,2292416,0,18980414682,IBOV
2020-04-01,73011.0,73011.0,69569.0,70967.0,2454909,0,17098092870,IBOV
2020-04-02,70969.0,73861.0,70957.0,72253.0,2201485,0,18135926017,IBOV
2020-04-03,72241.0,72241.0,67802.0,69538.0,2380616,0,16904458284,IBOV
2020-04-06,69556.0,75260.0,69556.0,74073.0,1996020,0,16706180887,IBOV
2020-04-07,74078.0,79855.0,74078.0,76358.0,2511389,0,20889506228,IBOV
2020-04-08,76335.0,79058.0,76115.0,78625.0,2064389,0,17121723209,IBOV
2020-04-09,78640.0,80428.0,77457.0,77682.0,2266751,0,19205173054,IBOV
2020-04-13,77682.0,78836.0,76405.0,78836.0,1707194,0,13410754007,IBOV
2020-04-14,78862.0,81668.0,78862.0,79918.0,6007396,0,47377451053,IBOV
2020-04-15,79911.0,80035.0,77546.0,78831.0,1990161,0,17672399027,IBOV
2020-04-16,78837.0,80167.0,77452.0,77812.0,2011454,0,16376661638,IBOV
2020-04-17,77817.0,79846.0,77754.0,78990.0,1825297,0,15288001467,IBOV
2020-04-20,78989.0,80106.0,76943.0,78973.0,1869083,0,16221986679,IBOV
2020-04-22,78973.0,81184.0,78973.0,80687.0,2118685,0,19028178508,IBOV
2020-04-23,80690.0,81934.0,78622.0,79673.0,2288796,0,19164588532,IBOV
2020-04-24,79667.0,79667.0,72041.0,75331.0,3865497,0,28962126196,IBOV
2020-04-27,75334.0,78563.0,75327.0,78239.0,2148667,0,18355918020,IBOV
2020-04-28,78243.0,81427.0,78243.0,81312.0,2354755,0,21912510142,IBOV
2020-04-29,81313.0,83598.0,81313.0,83171.0,2223539,0,20210572100,IBOV
2020-04-30,83139.0,83155.0,80168.0,80506.0,2121235,0,20556529162,IBOV
2020-05-04,80501.0,80502.0,77640.0,78876.0,4172627,0,30179904881,IBOV
2020-05-05,78887.0,81066.0,78886.0,79471.0,5087309,0,47446185834,IBOV
2020-05-06,79473.0,79996.0,78056.0,79064.0,1962162,0,18263705341,IBOV
2020-05-07,79072.0,80061.0,78061.0,78119.0,3047928,0,26084310584,IBOV
2020-05-08,78152.0,80557.0,78152.0,80263.0,1969099,0,18930595189,IBOV
2020-05-11,80253.0,80723.0,78994.0,79065.0,2026968,0,17131567314,IBOV
2020-05-12,79062.0,80344.0,77872.0,77872.0,2134682,0,17842786209,IBOV
2020-05-13,77877.0,78911.0,77152.0,77772.0,32790212,0,277574180622,IBOV
2020-05-14,77770.0,79011.0,75697.0,79011.0,2601059,0,23633200563,IBOV
2020-05-15,79011.0,79538.0,77426.0,77557.0,2190082,0,21347912067,IBOV
2020-05-18,77576.0,81420.0,77571.0,81194.0,2258249,0,21763046204,IBOV
2020-05-19,81197.0,82175.0,80647.0,80742.0,2247608,0,19856899003,IBOV
2020-05-20,80747.0,82290.0,80740.0,81319.0,2019341,0,18311519170,IBOV
2020-05-21,81317.0,83309.0,81317.0,83027.0,2447460,0,22755872101,IBOV
2020-05-22,83027.0,83027.0,81669.0,82173.0,1883518,0,17332610792,IBOV
2020-05-25,82198.0,85876.0,82193.0,85663.0,1685808,0,16289256272,IBOV
2020-05-26,85668.0,87333.0,85396.0,85469.0,2346428,0,23645386274,IBOV
2020-05-27,85468.0,87946.0,85468.0,87946.0,2072358,0,21061279431,IBOV
2020-05-28,87946.0,88091.0,86767.0,86949.0,2023144,0,18547278665,IBOV
2020-05-29,86951.0,87410.0,85384.0,87403.0,2598547,0,33849523338,IBOV
2020-06-01,87394.0,89019.0,86837.0,88620.0,5875555,0,58586346155,IBOV
2020-06-02,88622.0,91046.0,88622.0,91046.0,2312066,0,22960953571,IBOV
2020-06-03,91051.0,93710.0,91051.0,93002.0,3046588,0,30874124341,IBOV
2020-06-04,92993.0,94132.0,92221.0,93829.0,2279573,0,24345499690,IBOV
2020-06-05,93840.0,97356.0,93839.0,94637.0,2779272,0,29962854551,IBOV
2020-06-08,94640.0,97693.0,94635.0,97645.0,2218282,0,24930991806,IBOV
2020-06-09,97644.0,97644.0,95386.0,96747.0,2378250,0,24523873889,IBOV
2020-06-10,96747.0,97646.0,94665.0,94686.0,2480064,0,25735395024,IBOV
2020-06-12,94677.0,94703.0,90811.0,92795.0,2953288,0,27219588016,IBOV
2020-06-15,92780.0,93112.0,90148.0,92376.0,2518553,0,24470799006,IBOV
2020-06-16,92387.0,95216.0,92387.0,93531.0,2436907,0,24141575860,IBOV
2020-06-17,93531.0,96611.0,93531.0,95547.0,2161400,0,24423443294,IBOV
2020-06-18,95547.0,97110.0,94698.0,96125.0,2009724,0,21743500296,IBOV
2020-06-19,96138.0,97540.0,95874.0,96572.0,2124836,0,29828229425,IBOV
2020-06-22,96572.0,96870.0,94869.0,95336.0,1699835,0,16871641359,IBOV
2020-06-23,95344.0,97486.0,95344.0,95975.0,1823133,0,20262030079,IBOV
2020-06-24,95974.0,95974.0,93259.0,94377.0,1844815,0,19472294507,IBOV
2020-06-25,94384.0,96260.0,94152.0,95983.0,1751070,0,17923893457,IBOV
2020-06-26,95979.0,95979.0,93514.0,93834.0,1682280,0,17569427332,IBOV
2020-06-29,93837.0,95735.0,93825.0,95735.0,1565582,0,17301709711,IBOV
2020-06-30,95728.0,96257.0,94806.0,95056.0,1833234,0,21434291881,IBOV
2020-07-01,95062.0,96852.0,95062.0,96203.0,1975917,0,21133103490,IBOV
2020-07-02,96206.0,97864.0,96052.0,96235.0,1865508,0,20796194350,IBOV
2020-07-03,96237.0,96765.0,95803.0,96765.0,981635,0,10276643909,IBOV
2020-07-06,96776.0,99257.0,96768.0,98937.0,1872479,0,19952738483,IBOV
2020-07-07,98937.0,98938.0,97272.0,97761.0,1792696,0,19855315531,IBOV
2020-07-08,97765.0,99973.0,97765.0,99770.0,1705758,0,20583531707,IBOV
2020-07-09,99770.0,100191.0,98861.0,99160.0,3303631,0,41984836238,IBOV
2020-07-10,99160.0,100101.0,98739.0,100032.0,1568145,0,18843063389,IBOV
2020-07-13,100027.0,100858.0,98697.0,98697.0,1873780,0,21284103191,IBOV
2020-07-14,98699.0,100632.0,98289.0,100440.0,1839570,0,22967297667,IBOV
2020-07-15,100444.0,102114.0,100444.0,101791.0,1989305,0,21815191747,IBOV
2020-07-16,101792.0,101792.0,100160.0,100553.0,1646083,0,18474328748,IBOV
2020-07-17,100554.0,103017.0,100554.0,102888.0,2103617,0,23067063266,IBOV
2020-07-20,102876.0,104439.0,102744.0,104426.0,1776894,0,20644191849,IBOV
2020-07-21,104427.0,105449.0,103732.0,104310.0,2123502,0,26298755275,IBOV
2020-07-22,104312.0,104980.0,103277.0,104290.0,2011291,0,23048072730,IBOV
2020-07-23,104291.0,104949.0,102119.0,102293.0,1908905,0,21943715059,IBOV
2020-07-24,102292.0,102694.0,100859.0,102382.0,1831625,0,20685424338,IBOV
2020-07-27,102381.0,104585.0,102381.0,104477.0,3587159,0,44017694516,IBOV
2020-07-28,104477.0,104663.0,103592.0,104109.0,1738742,0,20274918817,IBOV
2020-07-29,104112.0,105704.0,104112.0,105605.0,1676237,0,20240302163,IBOV
2020-07-30,105605.0,105607.0,103920.0,105009.0,1677104,0,22462939600,IBOV
2020-07-31,105010.0,105462.0,102642.0,102912.0,2139468,0,26802459423,IBOV
2020-08-03,102913.0,103863.0,102304.0,102830.0,2169874,0,23875593203,IBOV
2020-08-04,102826.0,103012.0,100005.0,101216.0,2133926,0,32314966148,IBOV
2020-08-05,101220.0,103763.0,101220.0,102802.0,2034643,0,24355885094,IBOV
2020-08-06,102795.0,104523.0,102795.0,104126.0,373995068,0,3823130648540,IBOV
2020-08-07,104116.0,104126.0,101957.0,102776.0,3986473,0,45731517216,IBOV
2020-08-10,102777.0,103723.0,101282.0,103445.0,1726011,0,18889319885,IBOV
2020-08-11,103459.0,104409.0,102174.0,102174.0,1974390,0,21751405999,IBOV
2020-08-12,102176.0,103116.0,100698.0,102118.0,2190050,0,23552675221,IBOV
2020-08-13,102118.0,103237.0,100187.0,100461.0,2321799,0,24912940161,IBOV
2020-08-14,100469.0,101717.0,100445.0,101354.0,1986164,0,20977780991,IBOV
2020-08-17,101348.0,101689.0,98513.0,99595.0,2138174,0,25289086365,IBOV
2020-08-18,99597.0,102247.0,99597.0,102065.0,1958423,0,23211886567,IBOV
2020-08-19,102072.0,102334.0,100800.0,100854.0,1907940,0,21707372711,IBOV
2020-08-20,100853.0,101749.0,99131.0,101468.0,1936172,0,22093420061,IBOV
2020-08-21,101460.0,101566.0,100413.0,101521.0,1707059,0,18497129538,IBOV
2020-08-24,101525.0,102515.0,101525.0,102298.0,1606042,0,18003739565,IBOV
2020-08-25,102299.0,102708.0,101623.0,102118.0,1694246,0,18312535161,IBOV
2020-08-26,102119.0,102521.0,99359.0,100627.0,2198677,0,22826911779,IBOV
2020-08-27,100625.0,101548.0,99857.0,100624.0,1601426,0,17097413050,IBOV
2020-08-28,100631.0,102347.0,100631.0,102143.0,1717619,0,17667322742,IBOV
2020-08-31,102142.0,102142.0,99369.0,99369.0,1804679,0,26728759168,IBOV
2020-09-01,99382.0,102238.0,99382.0,102168.0,2006271,0,21488282742,IBOV
2020-09-02,102168.0,102824.0,100872.0,101911.0,1522605,0,16610828394,IBOV
2020-09-03,101911.0,103226.0,99751.0,100721.0,2497381,0,30368822598,IBOV
2020-09-04,100737.0,101582.0,98961.0,101242.0,2098242,0,27538013047,IBOV
2020-09-08,101239.0,101239.0,99373.0,100050.0,1792431,0,19467898260,IBOV
2020-09-09,100050.0,101578.0,100050.0,101292.0,3261327,0,35637139976,IBOV
2020-09-10,101291.0,101537.0,98687.0,98835.0,3589182,0,42977440282,IBOV
2020-09-11,98837.0,99435.0,97758.0,98363.0,6054733,0,64986842554,IBOV
2020-09-14,98367.0,100520.0,98367.0,100275.0,1626185,0,18851224136,IBOV
2020-09-15,100277.0,100949.0,99647.0,100298.0,1765435,0,19711841252,IBOV
2020-09-16,100299.0,100663.0,99663.0,99676.0,1568338,0,17015545827,IBOV
2020-09-17,99674.0,100251.0,98562.0,100098.0,1531126,0,17785306690,IBOV
2020-09-18,100102.0,100102.0,98045.0,98290.0,3813663,0,48662911504,IBOV
2020-09-21,98283.0,98283.0,95820.0,96991.0,1833546,0,21973708938,IBOV
2020-09-22,96995.0,97684.0,96390.0,97294.0,1490398,0,16226007624,IBOV
2020-09-23,97295.0,97389.0,95728.0,95735.0,1762226,0,20091545284,IBOV
2020-09-24,95737.0,97955.0,95653.0,97012.0,1766638,0,19955145276,IBOV
2020-09-25,97011.0,97011.0,95632.0,96999.0,1358121,0,14903455709,IBOV
2020-09-28,97005.0,98314.0,94371.0,94666.0,2130826,0,22834981275,IBOV
2020-09-29,94665.0,95505.0,93408.0,93580.0,1784765,0,18685951927,IBOV
2020-09-30,93586.0,95340.0,93584.0,94603.0,1806453,0,19760375609,IBOV
2020-10-01,94604.0,95486.0,93599.0,95479.0,1804742,0,19366495804,IBOV
2020-10-02,95475.0,95996.0,93897.0,94016.0,6591936,0,75701770626,IBOV
2020-10-05,94020.0,96414.0,93984.0,96089.0,1664555,0,17900800784,IBOV
2020-10-06,96091.0,97405.0,95211.0,95615.0,2021995,0,21990094400,IBOV
2020-10-07,95616.0,96380.0,94881.0,95526.0,1881367,0,20457104677,IBOV
2020-10-08,95543.0,97938.0,95531.0,97920.0,8969995,0,109312544885,IBOV
2020-10-09,97924.0,98642.0,97161.0,97483.0,2033948,0,22995268974,IBOV
2020-10-13,97483.0,98998.0,97336.0,98503.0,6964669,0,76536213852,IBOV
2020-10-14,98501.0,99571.0,98501.0,99334.0,9166593,0,102681316595,IBOV
2020-10-15,99315.0,99486.0,97778.0,99054.0,3664330,0,35595999298,IBOV
2020-10-16,99054.0,99172.0,98309.0,98309.0,1811915,0,17083914304,IBOV
2020-10-19,98310.0,99917.0,98310.0,98658.0,7220201,0,82005323894,IBOV
2020-10-20,98672.0,100722.0,98670.0,100540.0,1658535,0,19620231476,IBOV
2020-10-21,100530.0,101586.0,100149.0,100552.0,1721651,0,19669236389,IBOV
2020-10-22,100553.0,102020.0,100457.0,101918.0,1703077,0,22496498753,IBOV
2020-10-23,101918.0,102218.0,101188.0,101260.0,3011738,0,35461318772,IBOV
2020-10-26,101260.0,101784.0,99762.0,101017.0,1467129,0,16463416295,IBOV
2020-10-27,101017.0,101660.0,99414.0,99606.0,1615267,0,18911055841,IBOV
2020-10-28,99598.0,99598.0,95369.0,95369.0,1957773,0,21819534524,IBOV
2020-10-29,95376.0,96688.0,93387.0,96582.0,2424834,0,25571117248,IBOV
2020-10-30,96579.0,96579.0,93559.0,93952.0,2223695,0,22709626959,IBOV
2020-11-03,93968.0,96350.0,93968.0,95980.0,2244829,0,21698864288,IBOV
2020-11-04,95992.0,98296.0,95987.0,97867.0,2117770,0,22597470548,IBOV
2020-11-05,97873.0,100922.0,97872.0,100751.0,2137656,0,22847162241,IBOV
2020-11-06,100751.0,101104.0,99837.0,100925.0,5180653,0,55100332342,IBOV
2020-11-09,100957.0,105147.0,100957.0,103515.0,3290918,0,39587801774,IBOV
2020-11-10,103516.0,105758.0,103453.0,105067.0,3060478,0,39607395561,IBOV
2020-11-11,105067.0,105462.0,104144.0,104809.0,2233059,0,25279723871,IBOV
2020-11-12,104809.0,105019.0,102034.0,102507.0,2223821,0,24633644091,IBOV
2020-11-13,102525.0,104726.0,102523.0,104723.0,2089851,0,22930466948,IBOV
2020-11-16,104729.0,106518.0,104729.0,106430.0,2270095,0,29832671284,IBOV
2020-11-17,106400.0,107810.0,105847.0,107249.0,2205946,0,27396527100,IBOV
2020-11-18,107246.0,107467.0,106043.0,106119.0,2073216,0,23539667591,IBOV
2020-11-19,106117.0,106973.0,105545.0,106670.0,1785898,0,20662547665,IBOV
2020-11-20,106670.0,106764.0,105680.0,106043.0,1500947,0,16869107330,IBOV
2020-11-23,106051.0,107495.0,106051.0,107379.0,1806517,0,22558180774,IBOV
2020-11-24,107378.0,109956.0,107361.0,109786.0,2422910,0,29323021371,IBOV
2020-11-25,109786.0,110596.0,109315.0,110133.0,5904120,0,64055832216,IBOV
2020-11-26,110133.0,110245.0,109418.0,110227.0,1192850,0,14474325543,IBOV
2020-11-27,110229.0,111603.0,110161.0,110576.0,1693719,0,21996885952,IBOV
2020-11-30,110598.0,110934.0,108829.0,108893.0,2423367,0,39294350618,IBOV
2020-12-01,108897.0,111840.0,108897.0,111400.0,26114788,0,298448545660,IBOV
2020-12-02,111402.0,112315.0,110579.0,111879.0,2004650,0,27180166260,IBOV
2020-12-03,111874.0,113377.0,111874.0,112292.0,4798922,0,57299790628,IBOV
2020-12-04,112294.0,113864.0,112294.0,113750.0,1895203,0,24394923251,IBOV
2020-12-07,113770.0,114531.0,112629.0,113590.0,1789801,0,22793264779,IBOV
2020-12-08,113628.0,114381.0,112820.0,113793.0,1744494,0,21625072022,IBOV
2020-12-09,113799.0,114020.0,112567.0,113001.0,5293142,0,64219993296,IBOV
2020-12-10,113005.0,115262.0,112732.0,115129.0,6087123,0,89216419127,IBOV
2020-12-11,115128.0,115527.0,113949.0,115128.0,1834361,0,20672101554,IBOV
2020-12-14,115137.0,115740.0,114431.0,114611.0,1595039,0,19215064819,IBOV
2020-12-15,114613.0,116390.0,114613.0,116149.0,1610423,0,20230426949,IBOV
2020-12-16,116147.0,118178.0,115496.0,117857.0,2259223,0,25230910042,IBOV
2020-12-17,117868.0,119027.0,117856.0,118401.0,1571325,0,19777217341,IBOV
2020-12-18,118387.0,119371.0,117638.0,118024.0,1625009,0,22710013103,IBOV
2020-12-21,118021.0,118021.0,114730.0,115823.0,1854620,0,24575616046,IBOV
2020-12-22,115825.0,116903.0,115648.0,116636.0,34141112,0,446114811494,IBOV
2020-12-23,116636.0,118311.0,116636.0,117807.0,1212305,0,15526589903,IBOV
2020-12-28,117805.0,119213.0,117805.0,119124.0,1271004,0,15804595860,IBOV
2020-12-29,119120.0,119861.0,118750.0,119409.0,5809918,0,59536465132,IBOV
2020-12-30,119410.0,120150.0,118919.0,119017.0,1413901,0,20037953628,IBOV
2021-01-04,119028.0,120354.0,118062.0,118855.0,1933001,0,22697189065,IBOV
2021-01-05,118835.0,119790.0,116756.0,119376.0,2030177,0,24078693233,IBOV
2021-01-06,119382.0,120924.0,118917.0,119100.0,4799898,0,64056183622,IBOV
2021-01-07,119103.0,122697.0,119101.0,122386.0,16311520,0,227920332818,IBOV
2021-01-08,122386.0,125324.0,122386.0,125077.0,2270244,0,32983450423,IBOV
2021-01-11,125068.0,125069.0,122506.0,123255.0,2078062,0,26982232894,IBOV
2021-01-12,123255.0,124584.0,123228.0,123998.0,2018513,0,25366453624,IBOV
2021-01-13,123996.0,124032.0,121016.0,121933.0,1900672,0,27657650685,IBOV
2021-01-14,122009.0,123896.0,121998.0,123481.0,1816791,0,23347591141,IBOV
2021-01-15,123472.0,123472.0,120185.0,120349.0,1872316,0,26107242011,IBOV
2021-01-18,120362.0,122586.0,120360.0,121242.0,1426115,0,19231139756,IBOV
2021-01-19,121250.0,122120.0,119257.0,120636.0,1669416,0,21846272948,IBOV
2021-01-20,120645.0,121449.0,118740.0,119646.0,1633498,0,20605776802,IBOV
2021-01-21,119624.0,120243.0,117785.0,118329.0,1856688,0,23557925606,IBOV
2021-01-22,118299.0,118299.0,116109.0,117381.0,1920492,0,22641301449,IBOV
2021-01-26,117429.0,119167.0,116109.0,116464.0,2337597,0,26369679080,IBOV
2021-01-27,116464.0,117840.0,114887.0,115882.0,2197741,0,26982263852,IBOV
2021-01-28,115882.0,119355.0,115734.0,118883.0,6123232,0,79830378264,IBOV
2021-01-29,118852.0,118859.0,114973.0,115068.0,2039285,0,26292899937,IBOV
2021-02-01,115093.0,117862.0,115093.0,117518.0,2093416,0,22721498575,IBOV
2021-02-02,117519.0,119805.0,117519.0,118234.0,2603983,0,30133751125,IBOV
2021-02-03,118235.0,120210.0,118234.0,119725.0,1910020,0,23718095732,IBOV
2021-02-04,119736.0,120560.0,118918.0,119261.0,1632096,0,22001791424,IBOV
2021-02-05,119261.0,121117.0,119261.0,120240.0,1593418,0,22460147099,IBOV
2021-02-08,120239.0,120844.0,119140.0,119696.0,1823401,0,22667424145,IBOV
2021-02-09,119696.0,119975.0,118246.0,119472.0,1623440,0,22127595694,IBOV
2021-02-10,119482.0,119738.0,117970.0,118435.0,1964467,0,23926519763,IBOV
2021-02-11,118440.0,120283.0,118440.0,119300.0,6422840,0,83178441526,IBOV
2021-02-12,119300.0,119763.0,118163.0,119429.0,1442402,0,17987573954,IBOV
2021-02-17,119421.0,120597.0,118880.0,120356.0,1570490,0,21918971164,IBOV
2021-02-18,120361.0,120846.0,118515.0,119199.0,2299815,0,29158364138,IBOV
2021-02-19,119201.0,119250.0,117867.0,118431.0,2074576,0,27401019336,IBOV
2021-02-22,118386.0,118386.0,111650.0,112668.0,4678543,0,54328114749,IBOV
2021-02-23,112683.0,115380.0,112667.0,115228.0,3113533,0,39507487046,IBOV
2021-02-24,115250.0,116208.0,114668.0,115668.0,2310833,0,29205286181,IBOV
2021-02-25,115668.0,116506.0,111764.0,112256.0,2549031,0,31619847848,IBOV
2021-02-26,112260.0,113466.0,109827.0,110035.0,2746240,0,38458235363,IBOV
2021-03-01,110036.0,112445.0,110036.0,110335.0,2465815,0,27919654763,IBOV
2021-03-02,110329.0,112428.0,107319.0,111540.0,3211173,0,35812750111,IBOV
2021-03-03,111529.0,112398.0,107466.0,111184.0,3266030,0,37216763774,IBOV
2021-03-04,111191.0,114433.0,111163.0,112690.0,2792466,0,37391441350,IBOV
2021-03-05,112689.0,115504.0,112504.0,115202.0,13817051,0,180396766905,IBOV
2021-03-08,115202.0,115202.0,110268.0,110612.0,2951625,0,35517017146,IBOV
2021-03-09,110611.0,112525.0,109343.0,111331.0,2646384,0,32081898323,IBOV
2021-03-10,111338.0,112928.0,109999.0,112777.0,2587227,0,30528596084,IBOV
2021-03-11,112782.0,115127.0,112776.0,114984.0,4909003,0,62320931372,IBOV
2021-03-12,114984.0,114984.0,113253.0,114160.0,8666609,0,104067339365,IBOV
2021-03-15,114093.0,114903.0,113635.0,114851.0,1698817,0,20978365970,IBOV
2021-03-16,114845.0,114974.0,113370.0,114019.0,1738338,0,19831215713,IBOV
2021-03-17,114017.0,116736.0,113428.0,116549.0,2130070,0,24037322851,IBOV
2021-03-18,116549.0,116751.0,114302.0,114835.0,2071989,0,24800242726,IBOV
2021-03-19,114837.0,116446.0,114610.0,116222.0,1922643,0,32053218527,IBOV
2021-03-22,116222.0,116225.0,113620.0,114979.0,1756263,0,19915130863,IBOV
2021-03-23,114977.0,115599.0,113062.0,113262.0,1708609,0,20004163818,IBOV
2021-03-24,113275.0,114823.0,112064.0,112064.0,1980793,0,23924297839,IBOV
2021-03-25,112065.0,114024.0,110927.0,113750.0,7902050,0,101495646792,IBOV
2021-03-26,113750.0,115416.0,113305.0,114781.0,1658650,0,21626024687,IBOV
2021-03-29,114774.0,115553.0,114096.0,115419.0,1718268,0,19501039411,IBOV
2021-03-30,115414.0,117090.0,114999.0,116850.0,1858028,0,20505774079,IBOV
2021-03-31,116850.0,117249.0,115932.0,116634.0,5961821,0,72680505685,IBOV
2021-04-01,116645.0,117088.0,114991.0,115253.0,9858166,0,119085812198,IBOV
2021-04-05,115262.0,117668.0,115262.0,117518.0,4712179,0,58199736527,IBOV
2021-04-06,117522.0,118213.0,117176.0,117499.0,1504497,0,18486910734,IBOV
2021-04-07,117499.0,118303.0,116748.0,117624.0,1628929,0,21522778270,IBOV
2021-04-08,117626.0,118850.0,117486.0,118313.0,1680278,0,22242952510,IBOV
2021-04-09,118239.0,118643.0,117336.0,117670.0,1656347,0,19312372464,IBOV
2021-04-12,117661.0,118812.0,117661.0,118812.0,1409512,0,17499871868,IBOV
2021-04-13,118809.0,119529.0,118041.0,119297.0,1611360,0,21634571733,IBOV
2021-04-14,119298.0,120872.0,119298.0,120295.0,5528005,0,78658229151,IBOV
2021-04-15,120306.0,121409.0,120084.0,120701.0,1626555,0,20845543603,IBOV
2021-04-16,120701.0,121333.0,120199.0,121114.0,1649456,0,21489961963,IBOV
2021-04-19,121116.0,121974.0,120682.0,120934.0,1820107,0,25904022539,IBOV
2021-04-20,120925.0,121354.0,119841.0,120062.0,1541500,0,20598745024,IBOV
2021-04-22,120064.0,120995.0,119203.0,119372.0,1716758,0,21612813435,IBOV
2021-04-23,119372.0,120815.0,119372.0,120530.0,1936902,0,19869990674,IBOV
2021-04-26,120534.0,121393.0,119860.0,120595.0,1583604,0,18327102006,IBOV
2021-04-27,120595.0,121012.0,119003.0,119388.0,5321736,0,65796520669,IBOV
2021-04-28,119403.0,121276.0,119403.0,121053.0,1683972,0,22800658673,IBOV
2021-04-29,121053.0,121498.0,119703.0,120066.0,3811347,0,45001019542,IBOV
2021-04-30,120049.0,120125.0,118894.0,118894.0,14595613,0,210845531866,IBOV
2021-05-03,118951.0,119904.0,118528.0,119210.0,8739140,0,92386591352,IBOV
2021-05-04,119210.0,119293.0,117631.0,117712.0,1948620,0,23552867974,IBOV
2021-05-05,117740.0,119734.0,117738.0,119564.0,1809790,0,23450493678,IBOV
2021-05-06,119553.0,119966.0,119071.0,119921.0,1816443,0,24152816727,IBOV
2021-05-07,119922.0,122038.0,119922.0,122038.0,1799703,0,23712975197,IBOV
2021-05-10,122042.0,122772.0,121795.0,121909.0,1883325,0,23711074143,IBOV
2021-05-11,121852.0,122964.0,120145.0,122964.0,1644932,0,22582129370,IBOV
2021-05-12,122964.0,122964.0,119458.0,119710.0,2174562,0,25728216839,IBOV
2021-05-13,119711.0,121426.0,119711.0,120706.0,2014655,0,25551080374,IBOV
2021-05-14,120719.0,122195.0,120719.0,121881.0,2020971,0,26082157633,IBOV
2021-05-17,121880.0,123074.0,121681.0,122938.0,1611812,0,19803986527,IBOV
2021-05-18,122938.0,123544.0,122550.0,122980.0,1582122,0,20105211453,IBOV
2021-05-19,122976.0,123013.0,121595.0,122636.0,7872642,0,94708957782,IBOV
2021-05-20,122642.0,122734.0,122136.0,122701.0,1637463,0,20588509531,IBOV
2021-05-21,122701.0,122799.0,121760.0,122593.0,1688058,0,24292798423,IBOV
2021-05-24,122592.0,124167.0,122526.0,124032.0,1772701,0,21448947277,IBOV
2021-05-25,124032.0,124696.0,122701.0,122988.0,8582125,0,106276251043,IBOV
2021-05-26,122994.0,124256.0,122992.0,123989.0,1683604,0,22314411446,IBOV
2021-05-27,123989.0,124537.0,123470.0,124367.0,1854507,0,36302705339,IBOV
2021-05-28,124367.0,125698.0,124284.0,125561.0,1767521,0,22615504327,IBOV
2021-05-31,125561.0,126216.0,125540.0,126216.0,4437339,0,47135724016,IBOV
2021-06-01,126218.0,128364.0,126218.0,128267.0,10524669,0,128944552982,IBOV
2021-06-02,128270.0,129601.0,128167.0,129601.0,11555104,0,158234098810,IBOV
2021-06-04,129591.0,130137.0,129148.0,130126.0,4212149,0,50455018156,IBOV
2021-06-07,130125.0,131190.0,129498.0,130776.0,5634593,0,77233320642,IBOV
2021-06-08,130776.0,130776.0,129230.0,129787.0,4113199,0,55518303168,IBOV
2021-06-09,129797.0,130883.0,129282.0,129907.0,7404271,0,106392369292,IBOV
2021-06-10,129903.0,130527.0,129526.0,130076.0,4936152,0,68991412200,IBOV
2021-06-11,130076.0,130295.0,128678.0,129441.0,11105648,0,140803053572,IBOV
2021-06-14,129441.0,131084.0,129441.0,130208.0,1608082,0,20171344849,IBOV
2021-06-15,130208.0,130436.0,129304.0,130091.0,3010755,0,38723229414,IBOV
2021-06-16,130091.0,130283.0,128345.0,129260.0,5030218,0,70070964912,IBOV
2021-06-17,129237.0,129920.0,127576.0,128057.0,1985690,0,26032256252,IBOV
2021-06-18,128050.0,128796.0,127595.0,128405.0,1961086,0,34715472765,IBOV
2021-06-21,128405.0,129413.0,128048.0,129265.0,4853182,0,58632727877,IBOV
2021-06-22,129256.0,129259.0,127803.0,128768.0,4134787,0,46084412270,IBOV
2021-06-23,128769.0,129901.0,128182.0,128428.0,1558211,0,21564890153,IBOV
2021-06-24,128433.0,129541.0,128428.0,129513.0,1527719,0,19585152754,IBOV
2021-06-25,129513.0,129748.0,126697.0,127256.0,5476702,0,73956707919,IBOV
2021-06-28,127257.0,128067.0,126629.0,127429.0,1543013,0,20331515704,IBOV
2021-06-29,127429.0,127507.0,126184.0,127327.0,3294908,0,40925112190,IBOV
2021-06-30,127323.0,127323.0,126199.0,126802.0,9257251,0,118629531260,IBOV
2021-07-01,126802.0,127204.0,124994.0,125666.0,13921220,0,164471297031,IBOV
2021-07-02,125667.0,127672.0,125667.0,127622.0,9799183,0,115717970602,IBOV
2021-07-05,127620.0,127633.0,126531.0,126920.0,2936565,0,42032646137,IBOV
2021-07-06,126894.0,126894.0,124866.0,125095.0,5120736,0,58535326147,IBOV
2021-07-07,125096.0,127249.0,125094.0,127019.0,7482167,0,85791024502,IBOV
2021-07-08,127013.0,127013.0,124310.0,125428.0,3566224,0,44227211320,IBOV
2021-07-12,125428.0,127782.0,125428.0,127594.0,1730476,0,19479294808,IBOV
2021-07-13,127594.0,128420.0,126441.0,128168.0,3105582,0,35413262288,IBOV
2021-07-14,128169.0,129620.0,128085.0,128407.0,5901258,0,73321848549,IBOV
2021-07-15,128400.0,128976.0,126922.0,127468.0,1589047,0,19013870746,IBOV
2021-07-16,127468.0,128010.0,125808.0,125960.0,5692013,0,77278903400,IBOV
2021-07-19,125958.0,125958.0,123317.0,124395.0,1946698,0,21335618718,IBOV
2021-07-20,124395.0,125631.0,123631.0,125401.0,24577662,0,287237370213,IBOV
2021-07-21,125418.0,126112.0,125247.0,125929.0,1395109,0,16992396019,IBOV
2021-07-22,125930.0,126428.0,125416.0,126147.0,1290162,0,14906321594,IBOV
2021-07-23,126140.0,126204.0,124422.0,125053.0,1311370,0,14525977043,IBOV
2021-07-26,125058.0,126214.0,125007.0,126004.0,4068031,0,47381105145,IBOV
2021-07-27,126004.0,126026.0,123670.0,124612.0,1449536,0,18202943196,IBOV
2021-07-28,124616.0,126712.0,124543.0,126286.0,3613327,0,48269895114,IBOV
2021-07-29,126285.0,126476.0,124917.0,125675.0,1491471,0,20532697769,IBOV
2021-07-30,125672.0,125673.0,121748.0,121801.0,5479594,0,76480334299,IBOV
2021-08-02,121810.0,124536.0,121797.0,122516.0,2003184,0,21645452762,IBOV
2021-08-03,122516.0,123765.0,120807.0,123577.0,1885670,0,23485977625,IBOV
2021-08-04,123577.0,123587.0,121072.0,121801.0,1860957,0,22885529422,IBOV
2021-08-05,121832.0,123541.0,121128.0,121633.0,6488325,0,87010807133,IBOV
2021-08-06,121633.0,123287.0,121568.0,122810.0,1633537,0,17768743302,IBOV
2021-08-09,122809.0,123597.0,122259.0,123019.0,1620674,0,18509113035,IBOV
2021-08-10,123021.0,123513.0,122062.0,122203.0,1722097,0,19989673863,IBOV
2021-08-11,122204.0,122756.0,120827.0,122056.0,1744028,0,21213292469,IBOV
2021-08-12,122056.0,122095.0,120534.0,120701.0,2148106,0,24669219742,IBOV
2021-08-13,120701.0,121275.0,120045.0,121194.0,2284857,0,23262433213,IBOV
2021-08-16,121192.0,121192.0,118684.0,119180.0,2584965,0,23154851488,IBOV
2021-08-17,119176.0,119177.0,116248.0,117904.0,2676583,0,25551430758,IBOV
2021-08-18,117904.0,118739.0,116489.0,116643.0,2826119,0,27514612010,IBOV
2021-08-19,116641.0,117453.0,114801.0,117165.0,2377370,0,27689476052,IBOV
2021-08-20,117163.0,118308.0,116040.0,118053.0,1955861,0,21936390870,IBOV
2021-08-23,118053.0,118445.0,117062.0,117472.0,1784310,0,18587814471,IBOV
2021-08-24,117474.0,120463.0,117474.0,120211.0,1778118,0,21522872439,IBOV
2021-08-25,120217.0,120818.0,119226.0,120818.0,1679755,0,17054924122,IBOV
2021-08-26,120818.0,120833.0,118719.0,118724.0,1802787,0,19462278324,IBOV
2021-08-27,118725.0,120678.0,118721.0,120678.0,1535747,0,17469652527,IBOV
2021-08-30,120677.0,120685.0,119354.0,119740.0,1477262,0,14476640674,IBOV
2021-08-31,119738.0,120157.0,117911.0,118781.0,2005174,0,26458337304,IBOV
2021-09-01,118819.0,119942.0,118067.0,119396.0,2088056,0,21370124907,IBOV
2021-09-02,119395.0,119397.0,116534.0,116677.0,2224100,0,21654579561,IBOV
2021-09-03,116679.0,117396.0,115583.0,116933.0,2023745,0,28755646725,IBOV
2021-09-06,116897.0,117981.0,116156.0,117869.0,3702832,0,35764060895,IBOV
2021-09-08,117866.0,117866.0,113172.0,113413.0,2841578,0,27398983654,IBOV
2021-09-09,113413.0,116354.0,112435.0,115361.0,2701170,0,29968175460,IBOV
2021-09-10,115370.0,116897.0,114286.0,114286.0,2400841,0,22915377759,IBOV
2021-09-13,114301.0,117046.0,114301.0,116404.0,1883153,0,19100896010,IBOV
2021-09-14,116405.0,117270.0,115809.0,116181.0,1853528,0,19307277724,IBOV
2021-09-15,116191.0,116312.0,114741.0,115063.0,1948057,0,21344493181,IBOV
2021-09-16,115062.0,115062.0,113395.0,113794.0,1932941,0,23246483350,IBOV
2021-09-17,113794.0,113794.0,111157.0,111439.0,2283053,0,35198264704,IBOV
2021-09-20,111432.0,111432.0,107520.0,108844.0,7130072,0,74837339076,IBOV
2021-09-21,109145.0,110923.0,108958.0,110250.0,2077967,0,22237501533,IBOV
2021-09-22,110252.0,113321.0,110251.0,112282.0,2235513,0,27711221407,IBOV
2021-09-23,112282.0,114330.0,112281.0,114064.0,2219826,0,26239152625,IBOV
2021-09-24,114061.0,114061.0,112505.0,113283.0,1894685,0,19922565007,IBOV
2021-09-27,113283.0,114432.0,112360.0,113583.0,2119469,0,24267091854,IBOV
2021-09-28,113584.0,113584.0,109981.0,110124.0,2458235,0,28433662322,IBOV
2021-09-29,110125.0,112028.0,110125.0,111107.0,2146608,0,24238078398,IBOV
2021-09-30,111117.0,112371.0,110743.0,110979.0,2468479,0,27747927180,IBOV
2021-10-01,110980.0,113020.0,110980.0,112900.0,46488998,0,496222452638,IBOV
2021-10-04,112900.0,112900.0,109979.0,110393.0,2315509,0,27014086797,IBOV
2021-10-05,110397.0,111691.0,110087.0,110458.0,2054311,0,22409857142,IBOV
2021-10-06,110454.0,110614.0,108180.0,110560.0,2487264,0,26399115013,IBOV
2021-10-07,110563.0,111522.0,110563.0,110585.0,2128207,0,23417910503,IBOV
2021-10-08,110586.0,114172.0,110586.0,112833.0,2399886,0,26560373030,IBOV
2021-10-11,112834.0,113982.0,112052.0,112181.0,1930449,0,21759682867,IBOV
2021-10-13,112181.0,114159.0,111807.0,113456.0,2565820,0,24082487145,IBOV
2021-10-14,113457.0,113881.0,112708.0,113186.0,1886302,0,19107881257,IBOV
2021-10-15,113189.0,114776.0,113049.0,114648.0,1917406,0,23723116842,IBOV
2021-10-18,114647.0,114927.0,112841.0,114428.0,2089228,0,22871655120,IBOV
2021-10-19,114418.0,114418.0,109947.0,110673.0,2756188,0,27156297983,IBOV
2021-10-20,110678.0,112023.0,110176.0,110786.0,2246963,0,23266588317,IBOV
2021-10-21,110756.0,110756.0,105714.0,107735.0,3046332,0,33119652093,IBOV
2021-10-22,107714.0,107749.0,102854.0,106296.0,4569528,0,40266696394,IBOV
2021-10-25,106296.0,109372.0,106296.0,108715.0,2560056,0,23137560988,IBOV
2021-10-26,108706.0,108706.0,106321.0,106420.0,2336043,0,20591873471,IBOV
2021-10-27,106433.0,108225.0,106045.0,106363.0,2167120,0,21230177659,IBOV
2021-10-28,106369.0,107145.0,105282.0,105705.0,2177680,0,21922218976,IBOV
2021-10-29,105707.0,105954.0,103430.0,103501.0,2435345,0,25834265727,IBOV
2021-11-01,103514.0,106136.0,103514.0,105551.0,2001833,0,20596569603,IBOV
2021-11-03,105547.0,106754.0,104205.0,105617.0,3003601,0,29941377646,IBOV
2021-11-04,105617.0,105627.0,102835.0,103412.0,2313008,0,22765342943,IBOV
2021-11-05,103417.0,105556.0,103417.0,104824.0,2447108,0,25069900531,IBOV
2021-11-08,104824.0,105679.0,104183.0,104781.0,5913685,0,51525715592,IBOV
2021-11-09,104783.0,106674.0,104783.0,105535.0,2149674,0,20645675825,IBOV
2021-11-10,105534.0,107407.0,105140.0,105968.0,2254961,0,24176100863,IBOV
2021-11-11,105988.0,108669.0,105988.0,107595.0,2353536,0,23821195200,IBOV
2021-11-12,107576.0,107915.0,105842.0,106335.0,2295894,0,24940752613,IBOV
2021-11-16,106336.0,106971.0,104113.0,104404.0,2323124,0,20607863464,IBOV
2021-11-17,104406.0,105535.0,102551.0,102949.0,2440371,0,22895257394,IBOV
2021-11-18,102948.0,103757.0,102014.0,102426.0,2074924,0,21128371293,IBOV
2021-11-19,102424.0,103975.0,102143.0,103035.0,1974817,0,20357373508,IBOV
2021-11-22,103036.0,104613.0,102122.0,102122.0,1932578,0,19612734272,IBOV
2021-11-23,102124.0,103841.0,101736.0,103654.0,2477660,0,23396354606,IBOV
2021-11-24,103649.0,105041.0,102464.0,104514.0,2138771,0,19566502899,IBOV
2021-11-25,104514.0,106400.0,104514.0,105811.0,1832439,0,16015233947,IBOV
2021-11-26,105810.0,105810.0,101495.0,102224.0,2114072,0,20345798951,IBOV
2021-11-29,102227.0,104149.0,102226.0,102814.0,2185591,0,18851587394,IBOV
2021-11-30,102814.0,103066.0,100075.0,101916.0,2624618,0,34471138913,IBOV
2021-12-01,101916.0,104087.0,100727.0,100775.0,2705582,0,25674476132,IBOV
2021-12-02,100785.0,104466.0,100785.0,104466.0,2820396,0,27674355153,IBOV
2021-12-03,104465.0,106814.0,104090.0,105070.0,2598860,0,26089921784,IBOV
2021-12-06,105070.0,107498.0,105070.0,106859.0,2148789,0,20886892114,IBOV
2021-12-07,106868.0,108655.0,106868.0,107558.0,1963051,0,23235610534,IBOV
2021-12-08,107558.0,108521.0,107309.0,108096.0,2119300,0,22176742380,IBOV
2021-12-09,108073.0,108090.0,105890.0,106291.0,1715897,0,18295346722,IBOV
2021-12-10,106297.0,108275.0,106297.0,107758.0,1861266,0,16418244154,IBOV
2021-12-13,107758.0,109493.0,107383.0,107383.0,1943515,0,21068865627,IBOV
2021-12-14,107404.0,109148.0,106445.0,106760.0,2014199,0,19823497302,IBOV
2021-12-15,106762.0,107603.0,105697.0,107431.0,2441979,0,23008472510,IBOV
2021-12-16,107433.0,109034.0,107433.0,108326.0,2194289,0,26292164735,IBOV
2021-12-17,108324.0,108324.0,106518.0,107201.0,2161512,0,29106279178,IBOV
2021-12-20,107171.0,107171.0,104358.0,105020.0,1936395,0,19337279059,IBOV
2021-12-21,105210.0,105906.0,105060.0,105500.0,1616677,0,15706927444,IBOV
2021-12-22,105499.0,105711.0,104386.0,105244.0,1472029,0,13858266457,IBOV
2021-12-23,105251.0,105453.0,104637.0,104891.0,1317841,0,11758218245,IBOV
2021-12-27,104892.0,105695.0,104799.0,105554.0,6406688,0,59279685555,IBOV
2021-12-28,105555.0,105652.0,104503.0,104864.0,1271693,0,11814084054,IBOV
2021-12-29,104863.0,105190.0,103851.0,104107.0,1288182,0,10838226016,IBOV
2021-12-30,104106.0,105269.0,104106.0,104822.0,1615846,0,18975961341,IBOV
2022-01-03,104823.0,106126.0,103413.0,103922.0,7281716,0,56203580520,IBOV
2022-01-04,103922.0,104276.0,103096.0,103514.0,2184807,0,19523621589,IBOV
2022-01-05,103514.0,103514.0,100850.0,101006.0,2483462,0,22544370200,IBOV
2022-01-06,101001.0,102235.0,101000.0,101561.0,2463889,0,20119954633,IBOV
2022-01-07,101561.0,102720.0,101104.0,102720.0,2174662,0,20822155527,IBOV
2022-01-10,102719.0,102719.0,101038.0,101945.0,2120196,0,17771190088,IBOV
2022-01-11,101945.0,103781.0,101918.0,103779.0,20652495,0,196053552929,IBOV
2022-01-12,103775.0,105869.0,103771.0,105686.0,2402392,0,23655387481,IBOV
2022-01-13,105686.0,106251.0,104974.0,105530.0,2042530,0,20927127303,IBOV
2022-01-14,105530.0,107062.0,105028.0,106928.0,1922842,0,20865308752,IBOV
2022-01-17,106924.0,106928.0,106097.0,106374.0,1527910,0,11552377558,IBOV
2022-01-18,106369.0,107013.0,105786.0,106668.0,2109495,0,20293923574,IBOV
2022-01-19,106670.0,108602.0,106669.0,108014.0,2159443,0,22118810992,IBOV
2022-01-20,108015.0,109873.0,108015.0,109102.0,2336576,0,23972282159,IBOV
2022-01-21,109097.0,109786.0,108368.0,108942.0,2253470,0,23360417061,IBOV
2022-01-24,108941.0,108948.0,106624.0,107937.0,7184379,0,70455585154,IBOV
2022-01-25,107935.0,110711.0,107185.0,110204.0,2345778,0,24721214090,IBOV
2022-01-26,110207.0,112695.0,110205.0,111289.0,2784064,0,29480963287,IBOV
2022-01-27,111318.0,113057.0,111306.0,112612.0,2287253,0,28453587662,IBOV
2022-01-28,112611.0,112969.0,111407.0,111910.0,2204326,0,25796259470,IBOV
2022-01-31,111910.0,112678.0,111195.0,112144.0,1953342,0,23382960798,IBOV
2022-02-01,112143.0,113302.0,112135.0,113228.0,2020977,0,20774915806,IBOV
2022-02-02,113228.0,113666.0,111645.0,111894.0,1957337,0,19426115856,IBOV
2022-02-03,111897.0,112502.0,111225.0,111696.0,1822591,0,18827688411,IBOV
2022-02-04,111696.0,112415.0,110321.0,112245.0,1944653,0,20166676628,IBOV
2022-02-07,112247.0,112517.0,111490.0,111996.0,1833965,0,19933842913,IBOV
2022-02-08,111995.0,112251.0,110943.0,112235.0,1831247,0,19705325598,IBOV
2022-02-09,112233.0,113163.0,111710.0,112461.0,2104400,0,25901877360,IBOV
2022-02-10,112462.0,113813.0,112163.0,113368.0,2199418,0,26278755402,IBOV
2022-02-11,113368.0,114899.0,113128.0,113572.0,2630236,0,35923055171,IBOV
2022-02-14,113643.0,114167.0,113358.0,113899.0,5761561,0,60609261479,IBOV
2022-02-15,113905.0,114828.0,113883.0,114828.0,2160742,0,24000699019,IBOV
2022-02-16,114830.0,115735.0,114816.0,115181.0,2381695,0,24603502136,IBOV
2022-02-17,115181.0,115214.0,113389.0,113529.0,1866247,0,21572812603,IBOV
2022-02-18,113534.0,114213.0,112701.0,112880.0,1739708,0,18979221897,IBOV
2022-02-21,112880.0,113405.0,111608.0,111725.0,4234924,0,41442972965,IBOV
2022-02-22,111727.0,113315.0,111727.0,112892.0,1932150,0,23582001577,IBOV
2022-02-23,112892.0,113721.0,111748.0,112008.0,2163962,0,23643928717,IBOV
2022-02-24,112001.0,112001.0,109125.0,111592.0,2840934,0,31955995716,IBOV
2022-02-25,111591.0,113142.0,110673.0,113142.0,2617375,0,33293106281,IBOV
2022-03-02,113143.0,115429.0,113143.0,115174.0,2068435,0,22827239345,IBOV
2022-03-03,115173.0,115948.0,115010.0,115166.0,2239268,0,25258833498,IBOV
2022-03-04,115166.0,115166.0,113389.0,114474.0,2072669,0,21903798582,IBOV
2022-03-07,114469.0,114529.0,111140.0,111594.0,2602525,0,30560747656,IBOV
2022-03-08,111594.0,112390.0,110969.0,111204.0,2743430,0,31118124389,IBOV
2022-03-09,111210.0,114051.0,111207.0,113900.0,2737613,0,29177430185,IBOV
2022-03-10,113900.0,113939.0,111889.0,113663.0,2343324,0,24835974356,IBOV
2022-03-11,113664.0,114627.0,111332.0,111713.0,2086593,0,22023563424,IBOV
2022-03-14,111719.0,112299.0,109717.0,109928.0,5505706,0,57388714977,IBOV
2022-03-15,109925.0,109925.0,107781.0,108959.0,2483028,0,23749500052,IBOV
2022-03-16,108958.0,111184.0,108958.0,111112.0,2269979,0,23405821622,IBOV
2022-03-17,111113.0,113088.0,111070.0,113076.0,2281287,0,28399618217,IBOV
2022-03-18,113076.0,115311.0,112475.0,115311.0,2352653,0,36877385965,IBOV
2022-03-21,115307.0,116360.0,115208.0,116155.0,1913424,0,19570372936,IBOV
2022-03-22,116157.0,117541.0,116157.0,117272.0,2656961,0,22273150233,IBOV
2022-03-23,117270.0,118270.0,117036.0,117457.0,1947200,0,20518255722,IBOV
2022-03-24,117457.0,119256.0,117151.0,119053.0,2410441,0,23559930713,IBOV
2022-03-25,119062.0,119729.0,118549.0,119081.0,2410081,0,23737321090,IBOV
2022-03-28,119082.0,119444.0,118061.0,118738.0,1685663,0,17129480544,IBOV
2022-03-29,118740.0,120900.0,118740.0,120014.0,2148797,0,25380003044,IBOV
2022-03-30,120013.0,120531.0,119775.0,120260.0,1941182,0,20260991149,IBOV
2022-03-31,120261.0,120880.0,119999.0,119999.0,1699941,0,22871964632,IBOV
2022-04-01,120001.0,121579.0,120001.0,121570.0,2494109,0,25775220977,IBOV
2022-04-04,121569.0,121570.0,120754.0,121280.0,1624026,0,16891161898,IBOV
2022-04-05,121279.0,121628.0,118794.0,118885.0,1889256,0,22177115515,IBOV
2022-04-06,118885.0,118885.0,116791.0,118228.0,2444949,0,24402749805,IBOV
2022-04-07,118225.0,119247.0,117509.0,118862.0,1878035,0,22065835089,IBOV
2022-04-08,118862.0,118868.0,117487.0,118322.0,2035794,0,21287630704,IBOV
2022-04-11,118320.0,118320.0,116953.0,116953.0,1696265,0,17010281921,IBOV
2022-04-12,116963.0,118615.0,116054.0,116147.0,1784643,0,19656982359,IBOV
2022-04-13,116158.0,117329.0,116158.0,116782.0,2264511,0,24096872072,IBOV
2022-04-14,116779.0,116780.0,115624.0,116182.0,1701336,0,20673299110,IBOV
2022-04-18,116182.0,116191.0,115177.0,115687.0,1464632,0,16390893011,IBOV
2022-04-19,115687.0,115687.0,114277.0,115057.0,1846419,0,21134556031,IBOV
2022-04-20,115057.0,115057.0,113946.0,114344.0,1833439,0,20662075240,IBOV
2022-04-22,114343.0,114343.0,110591.0,111078.0,2099178,0,21920050853,IBOV
2022-04-25,111077.0,111155.0,109222.0,110685.0,1932576,0,20463542633,IBOV
2022-04-26,110684.0,110685.0,107978.0,108213.0,2222547,0,21865084701,IBOV
2022-04-27,108215.0,110108.0,108215.0,109349.0,1851720,0,21726028031,IBOV
2022-04-28,109349.0,110702.0,108906.0,109919.0,1776629,0,21727834866,IBOV
2022-04-29,109924.0,111819.0,107876.0,107876.0,2163838,0,26688731126,IBOV
2022-05-02,107876.0,107884.0,105218.0,106639.0,2309976,0,21473616911,IBOV
2022-05-03,106640.0,107127.0,106033.0,106528.0,1894921,0,17942739938,IBOV
2022-05-04,106529.0,108382.0,104933.0,108344.0,2364269,0,25716430456,IBOV
2022-05-05,108337.0,108337.0,103923.0,105304.0,2478187,0,24076390652,IBOV
2022-05-06,105303.0,106268.0,103984.0,105135.0,2381813,0,24555765149,IBOV
2022-05-09,105109.0,105109.0,102768.0,103250.0,2440448,0,22805311107,IBOV
2022-05-10,103253.0,104286.0,102386.0,103110.0,4235401,0,41055686778,IBOV
2022-05-11,103110.0,105374.0,103008.0,104397.0,2059591,0,23315680565,IBOV
2022-05-12,104396.0,105708.0,103579.0,105688.0,2037079,0,23198042651,IBOV
2022-05-13,105691.0,107773.0,105691.0,106924.0,1895458,0,20922367212,IBOV
2022-05-16,106925.0,108795.0,106852.0,108233.0,1757160,0,18574484072,IBOV
2022-05-17,108246.0,109774.0,108245.0,108789.0,2172267,0,24294160299,IBOV
2022-05-18,108788.0,108923.0,106038.0,106247.0,2207287,0,23507170694,IBOV
2022-05-19,106249.0,107420.0,105760.0,107005.0,1747157,0,18853028683,IBOV
2022-05-20,107056.0,108795.0,107056.0,108488.0,1859016,0,22159887759,IBOV
2022-05-23,108500.0,110680.0,108500.0,110346.0,2221103,0,20364457639,IBOV
2022-05-24,110340.0,110635.0,108399.0,110581.0,2151247,0,23646399914,IBOV
2022-05-25,110580.0,111006.0,109699.0,110580.0,1710523,0,18418790090,IBOV
2022-05-26,110577.0,112102.0,110389.0,111890.0,2081298,0,22015064835,IBOV
2022-05-27,111890.0,112441.0,111558.0,111942.0,1641451,0,19498212483,IBOV
2022-05-30,111944.0,112690.0,110656.0,111032.0,1338534,0,14733299077,IBOV
2022-05-31,111036.0,111903.0,110686.0,111351.0,1853000,0,32462270562,IBOV
2022-06-01,111351.0,111931.0,110822.0,111360.0,1871243,0,18674805706,IBOV
2022-06-02,111363.0,112709.0,111218.0,112393.0,1726151,0,17419758660,IBOV
2022-06-03,112392.0,112392.0,110935.0,111102.0,1524504,0,15061309416,IBOV
2022-06-06,111102.0,111935.0,110015.0,110186.0,1265288,0,12786362685,IBOV
2022-06-07,110185.0,110435.0,109394.0,110070.0,1593409,0,16499760618,IBOV
2022-06-08,110067.0,110142.0,108045.0,108368.0,1670640,0,17163394188,IBOV
2022-06-09,108367.0,108510.0,107068.0,107094.0,1853174,0,20157771996,IBOV
2022-06-10,107091.0,107092.0,104648.0,105481.0,2170907,0,23625228682,IBOV
2022-06-13,105476.0,105478.0,101700.0,102598.0,2255803,0,22722089759,IBOV
2022-06-14,102598.0,103328.0,101325.0,102063.0,1990801,0,18036226978,IBOV
2022-06-15,102068.0,103952.0,102047.0,102807.0,2404351,0,27117131615,IBOV
2022-06-17,102800.0,102801.0,98402.0,99825.0,2451516,0,34381815233,IBOV
2022-06-20,99824.0,100481.0,98409.0,99853.0,4596674,0,51752078962,IBOV
2022-06-21,99854.0,101069.0,99167.0,99685.0,1877325,0,18330031315,IBOV
2022-06-22,99678.0,100374.0,98050.0,99522.0,1737956,0,18615735984,IBOV
2022-06-23,99523.0,100232.0,97775.0,98080.0,1809126,0,19634624044,IBOV
2022-06-24,98081.0,99313.0,98031.0,98672.0,1734682,0,15795825694,IBOV
2022-06-27,98673.0,101106.0,98672.0,100764.0,1608839,0,16695493455,IBOV
2022-06-28,100766.0,102237.0,99956.0,100591.0,1690034,0,16432389401,IBOV
2022-06-29,100592.0,101313.0,99218.0,99622.0,1699392,0,15988469528,IBOV
2022-06-30,99619.0,99619.0,97758.0,98542.0,2233077,0,21145219250,IBOV
2022-07-01,98542.0,99340.0,97231.0,98954.0,1938647,0,18968019474,IBOV
